PRAGMA foreign_keys=OFF;
BEGIN TRANSACTION;
CREATE TABLE `schools` (
	`id` text PRIMARY KEY NOT NULL,
	`name` text NOT NULL,
	`address` text,
	`license` text,
	`city` text DEFAULT 'Freetown',
	`logo_url` text,
	`contact` text,
	`email` text,
	`website` text,
	`founded_on` text,
	`created_at` text DEFAULT CURRENT_TIMESTAMP NOT NULL,
	`updated_at` text
);
INSERT INTO schools VALUES('3e64a859-3b69-460f-37dc-e8d5ba04865c','Dornak, Cudd & Tomes','581 Rump Loop','0ANyDcLpa','Kenema','https://placehold.co/150?text=f','+23235181940','prissy_emmalynne@ymail.com',NULL,'2017-10-20','2022-05-24 15:04:19','2025-10-07 05:23:09');
INSERT INTO schools VALUES('97df6fcd-7481-496d-fd33-24270930bd49','Forstrom, Popwell and Sarro','105 Whirley Centers','1rrpuJztAR80cQr1','Freetown','https://placehold.co/150?text=f','+23243065293','worse_amala@gmx.de',NULL,'2018-01-01','2025-08-01 21:35:57','2025-10-06 14:58:27');
INSERT INTO schools VALUES('a71ea38f-0e35-4bff-0b23-a673abff24d1','Shevchuk - Giblin','989 Tya Extensions','2AEET7VMxNCQ2HsM5','Freetown','https://placehold.co/150?text=f','+23226618882','bashful_rand@wanadoo.fr',NULL,'2019-01-06','2023-11-17 06:59:49','2025-10-06 14:58:27');
INSERT INTO schools VALUES('1b2b6242-410c-4970-2df8-ec32dc62337d','Gansen, Fessler and Boullion','648 Wash Bridge','3t23jJGSOqI','Freetown','https://placehold.co/150?text=f','+23234004850','unjust_libbie@gmail.com',NULL,'2022-11-18','2023-10-02 07:05:42','2025-10-06 14:58:27');
INSERT INTO schools VALUES('584022c9-6a39-4eaf-d170-6b2c0fa4edea','Hotchkin - Ruz','634 Nikodem Fords','4b8ezv4n9Z5I1d8T','Freetown','https://placehold.co/150?text=f','+23234737364','actionable_alayjah@live.com',NULL,'2021-10-17','2024-11-29 09:24:21','2025-10-06 14:58:27');
INSERT INTO schools VALUES('mbx4-UX9vraCv5_udfJXM','Amery Kemp','Odio qui provident',NULL,'Kenema','https://placehold.co/100?text=A',NULL,NULL,NULL,NULL,'2025-10-06 15:32:24','2025-10-06 15:32:24');
CREATE TABLE `staff` (
	`id` text PRIMARY KEY NOT NULL,
	`staff_id` text NOT NULL,
	`first_name` text NOT NULL,
	`middle_name` text,
	`last_name` text NOT NULL,
	`email` text,
	`password` text NOT NULL,
	`avatar_url` text,
	`contact` text NOT NULL,
	`address` text NOT NULL,
	`status` text DEFAULT 'active',
	`employment_type` text DEFAULT 'full-time' NOT NULL,
	`notes` text,
	`school_id` text NOT NULL,
	`role` text DEFAULT 'staff' NOT NULL,
	`permissions` text DEFAULT 'students:view,students:create,students:edit,students:delete,staff:view,subjects:view,classes:view',
	`employed_date` text DEFAULT CURRENT_TIMESTAMP NOT NULL,
	`created_at` text DEFAULT CURRENT_TIMESTAMP NOT NULL,
	`updated_at` text,
	FOREIGN KEY (`school_id`) REFERENCES `schools`(`id`) ON UPDATE no action ON DELETE cascade
);
INSERT INTO staff VALUES('3042d0db-8723-4b64-d8dd-5c2b11d4824e','0DGoqQuf4apK','Jalon',NULL,'Hangartner','unexplainable_atharva@web.de','$2b$12$3RyptiKrAOuq.Bp8TZK45u.RrflP5Lu1yHn1SKqDVfmUIOlACTBS2','https://robohash.org/LL7YEYjjKx2Lnsd2H7f5e','+23284552814','423 Culp Fort','active','full-time','Mauris sodales elementum risus, quis fermentum augue vulputate a. ','1b2b6242-410c-4970-2df8-ec32dc62337d','staff','students:view,students:create,students:edit,students:delete,staff:view,subjects:view,classes:view','2020-08-10','2026-02-15 11:34:57','2025-10-06 14:58:27');
INSERT INTO staff VALUES('9002523e-735d-4920-a4ba-32c1880cb252','1V67ocwN8j','Richard',NULL,'Tusing','domineering_jasminemarie@msn.com','$2b$12$3RyptiKrAOuq.Bp8TZK45u.RrflP5Lu1yHn1SKqDVfmUIOlACTBS2','https://robohash.org/LL7YEYjjKx2Lnsd2H7f5e','+23289071113','948 Dalvin Pike','active','full-time','Nunc consectetur posuere maximus. ','584022c9-6a39-4eaf-d170-6b2c0fa4edea','staff','students:view,students:create,students:edit,students:delete,staff:view,subjects:view,classes:view','2024-09-06','2025-10-05 17:31:21','2025-10-06 14:58:27');
INSERT INTO staff VALUES('8b762da2-75a5-4af3-e89e-5f1f15ec6397','2iKDd86yx7tIMw2F','Nyema',NULL,'Simeone','cottony_hideko@rediffmail.com','$2b$12$3RyptiKrAOuq.Bp8TZK45u.RrflP5Lu1yHn1SKqDVfmUIOlACTBS2','https://robohash.org/LL7YEYjjKx2Lnsd2H7f5e','+23286267966','15 Loveta Locks','active','part-time','Quisque rhoncus mollis est sit amet semper. ','a71ea38f-0e35-4bff-0b23-a673abff24d1','staff','students:view,students:create,students:edit,students:delete,staff:view,subjects:view,classes:view','2022-11-13','2025-07-24 18:28:23','2025-10-06 14:58:27');
INSERT INTO staff VALUES('19d89edf-1774-4f52-63f8-2bfa09c5e5c4','3CVgVodPtw8qh','Siddharth',NULL,'Strawser','disorderly_isao@outlook.com','$2b$12$3RyptiKrAOuq.Bp8TZK45u.RrflP5Lu1yHn1SKqDVfmUIOlACTBS2','https://robohash.org/LL7YEYjjKx2Lnsd2H7f5e','+23289019270','733 Schermerhorn Mountains','active','full-time','Morbi finibus bibendum volutpat. ','1b2b6242-410c-4970-2df8-ec32dc62337d','admin','students:view,students:create,students:edit,students:delete,staff:view,subjects:view,classes:view','2019-09-23','2023-02-09 05:52:06','2025-10-06 14:58:27');
INSERT INTO staff VALUES('10db6759-d570-466f-bf96-7e6565272354','4sazr1E6xDLDtP','Sherene',NULL,'Leedom','devious_altin@gmx.de','$2b$12$3RyptiKrAOuq.Bp8TZK45u.RrflP5Lu1yHn1SKqDVfmUIOlACTBS2','https://robohash.org/LL7YEYjjKx2Lnsd2H7f5e','+23293718306','292 Grode Prairie','active','full-time','Fusce vitae dolor id dui aliquam gravida ac id ex. ','584022c9-6a39-4eaf-d170-6b2c0fa4edea','staff','students:view,students:create,students:edit,students:delete,staff:view,subjects:view,classes:view','2020-08-19','2025-05-30 14:12:27','2025-10-06 14:58:27');
INSERT INTO staff VALUES('a5143395-7266-408f-86c5-cc292c989a93','5nrPOSZ71X','Schwanda',NULL,'Quinlan','curved_sair@yahoo.com','$2b$12$3RyptiKrAOuq.Bp8TZK45u.RrflP5Lu1yHn1SKqDVfmUIOlACTBS2','https://robohash.org/LL7YEYjjKx2Lnsd2H7f5e','+23299955684','914 Micke Crest','active','full-time','Quisque dapibus libero libero, sed blandit lectus blandit sed. ','3e64a859-3b69-460f-37dc-e8d5ba04865c','staff','students:view,students:create,students:edit,students:delete,staff:view,subjects:view,classes:view','2018-12-16','2025-04-10 17:42:43','2025-10-06 14:58:27');
INSERT INTO staff VALUES('43e436e1-f50a-4fd6-6634-a0e8cb19b028','601Ab1tndJ8kwyPI0H4','Reyan',NULL,'Yzaguirre','dissuasive_lala@yahoo.com','$2b$12$3RyptiKrAOuq.Bp8TZK45u.RrflP5Lu1yHn1SKqDVfmUIOlACTBS2','https://robohash.org/LL7YEYjjKx2Lnsd2H7f5e','+23299993998','421 Petersheim Flats','active','full-time','Sed rhoncus facilisis condimentum. ','584022c9-6a39-4eaf-d170-6b2c0fa4edea','staff','students:view,students:create,students:edit,students:delete,staff:view,subjects:view,classes:view','2022-07-30','2023-09-18 20:58:50','2025-10-06 14:58:27');
INSERT INTO staff VALUES('e6b16536-1db6-4bf8-3bbf-46b5cf3855a5','76CiP5Rk6Clh','Tressie',NULL,'Peto','padded_kadan@free.fr','$2b$12$3RyptiKrAOuq.Bp8TZK45u.RrflP5Lu1yHn1SKqDVfmUIOlACTBS2','https://robohash.org/LL7YEYjjKx2Lnsd2H7f5e','+23255897833','464 Haver Harbor','active','part-time','Mauris blandit, nunc eu viverra interdum, est odio bibendum urna, eget mattis purus nisl sollicitudin mauris. ','a71ea38f-0e35-4bff-0b23-a673abff24d1','staff','students:view,students:create,students:edit,students:delete,staff:view,subjects:view,classes:view','2020-06-19','2022-05-27 23:18:28','2025-10-06 14:58:27');
INSERT INTO staff VALUES('80ecfef1-78bc-44c1-939a-5a9e0943b22b','8CyEfHE','Eldrick',NULL,'Maulden','sparing_shasta@outlook.com','$2b$12$3RyptiKrAOuq.Bp8TZK45u.RrflP5Lu1yHn1SKqDVfmUIOlACTBS2','https://robohash.org/LL7YEYjjKx2Lnsd2H7f5e','+23299960825','937 Correira Islands','active','full-time','Cras sagittis massa urna, vitae mollis elit tincidunt a. ','97df6fcd-7481-496d-fd33-24270930bd49','staff','students:view,students:create,students:edit,students:delete,staff:view,subjects:view,classes:view','2018-04-18','2025-09-04 04:18:31','2025-10-06 14:58:27');
INSERT INTO staff VALUES('b9861b22-c43a-47ee-0ebe-1799bdc8d167','9ryFld1XvrXnDgaieGR','Taide',NULL,'Gambrill','disproportionate_hensley@live.com','$2b$12$3RyptiKrAOuq.Bp8TZK45u.RrflP5Lu1yHn1SKqDVfmUIOlACTBS2','https://robohash.org/LL7YEYjjKx2Lnsd2H7f5e','+23299981892','229 Eckes Fall','active','part-time','Etiam laoreet semper accumsan. ','584022c9-6a39-4eaf-d170-6b2c0fa4edea','staff','students:view,students:create,students:edit,students:delete,staff:view,subjects:view,classes:view','2021-09-03','2022-05-31 05:15:55','2025-10-06 14:58:27');
INSERT INTO staff VALUES('c96b6441-80a3-46ce-cbca-65100852dac2','a2RhAOvb4X92H62sx8v','Natascha',NULL,'Filler','disparaging_jenae@ymail.com','$2b$12$3RyptiKrAOuq.Bp8TZK45u.RrflP5Lu1yHn1SKqDVfmUIOlACTBS2','https://robohash.org/LL7YEYjjKx2Lnsd2H7f5e','+23290588457','965 Sunga Lake','active','full-time','Suspendisse rhoncus rutrum augue. ','1b2b6242-410c-4970-2df8-ec32dc62337d','staff','students:view,students:create,students:edit,students:delete,staff:view,subjects:view,classes:view','2020-11-11','2025-03-23 12:51:50','2025-10-06 14:58:27');
INSERT INTO staff VALUES('256a4b2b-a798-4039-35b6-84f1ffba5f71','b8HMgjMvx8Hv','Shadai',NULL,'Bumpers','vocal_genavieve@rediffmail.com','$2b$12$3RyptiKrAOuq.Bp8TZK45u.RrflP5Lu1yHn1SKqDVfmUIOlACTBS2','https://robohash.org/LL7YEYjjKx2Lnsd2H7f5e','+23285134634','396 Panameno Plain','active','full-time','Nam facilisis dapibus lacus sit amet volutpat. ','1b2b6242-410c-4970-2df8-ec32dc62337d','staff','students:view,students:create,students:edit,students:delete,staff:view,subjects:view,classes:view','2025-08-27','2022-05-13 06:03:38','2025-10-06 14:58:27');
INSERT INTO staff VALUES('7f30522d-cf94-4847-d78d-59a4542854a7','cRZmHgJa','Kentavious',NULL,'Madayag','disappointed_theresa@outlook.com','$2b$12$3RyptiKrAOuq.Bp8TZK45u.RrflP5Lu1yHn1SKqDVfmUIOlACTBS2','https://robohash.org/LL7YEYjjKx2Lnsd2H7f5e','+23290103936','996 Kress Vista','active','full-time','Duis mollis vehicula cursus. ','584022c9-6a39-4eaf-d170-6b2c0fa4edea','staff','students:view,students:create,students:edit,students:delete,staff:view,subjects:view,classes:view','2021-10-25','2024-05-15 22:08:10','2025-10-06 14:58:27');
INSERT INTO staff VALUES('6588afe4-a2cc-4bdf-c362-bc4686a0ed20','dJ3J1SN6yo0','Zaelynn',NULL,'Slaten','amphibian_girtie@gmail.com','$2b$12$3RyptiKrAOuq.Bp8TZK45u.RrflP5Lu1yHn1SKqDVfmUIOlACTBS2','https://robohash.org/LL7YEYjjKx2Lnsd2H7f5e','+23288950438','651 Pagliarulo Terrace','active','part-time','Cras vel tempor massa. ','a71ea38f-0e35-4bff-0b23-a673abff24d1','admin','students:view,students:create,students:edit,students:delete,staff:view,subjects:view,classes:view','2025-03-15','2023-01-28 04:24:35','2025-10-06 14:58:27');
INSERT INTO staff VALUES('cfe2aa05-57ea-467b-07ad-df64987e0f1e','exILmNz','Crew',NULL,'Morel','clearheaded_nader@live.com','$2b$12$3RyptiKrAOuq.Bp8TZK45u.RrflP5Lu1yHn1SKqDVfmUIOlACTBS2','https://robohash.org/LL7YEYjjKx2Lnsd2H7f5e','+23295120119','731 Shawnta Glens','active','full-time','Mauris iaculis, dolor et lobortis congue, augue massa scelerisque libero, in lobortis augue dolor et libero. ','97df6fcd-7481-496d-fd33-24270930bd49','staff','students:view,students:create,students:edit,students:delete,staff:view,subjects:view,classes:view','2019-06-19','2024-03-22 04:41:55','2025-10-06 14:58:27');
INSERT INTO staff VALUES('3b633d75-3b51-4092-4391-d960f023f60d','fCQZsBZk2bPKxqotlVv','Emilynn',NULL,'Mcnear','disparaging_omar@yahoo.co.uk','$2b$12$3RyptiKrAOuq.Bp8TZK45u.RrflP5Lu1yHn1SKqDVfmUIOlACTBS2','https://robohash.org/LL7YEYjjKx2Lnsd2H7f5e','+23299957466','985 Barbo Loop','active','full-time','Sed ut quam erat. ','1b2b6242-410c-4970-2df8-ec32dc62337d','staff','students:view,students:create,students:edit,students:delete,staff:view,subjects:view,classes:view','2021-07-20','2025-12-21 07:24:15','2025-10-06 14:58:27');
INSERT INTO staff VALUES('e6e49b6b-6272-434c-584c-50386669b293','10NJ2hVxEgLd','Sherard',NULL,'Heinzelman','dissolvable_eulis@wanadoo.fr','$2b$12$3RyptiKrAOuq.Bp8TZK45u.RrflP5Lu1yHn1SKqDVfmUIOlACTBS2','https://robohash.org/LL7YEYjjKx2Lnsd2H7f5e','+23282008448','450 Warnick Flats','active','full-time','Mauris tempus ante tortor, ac feugiat dui viverra et. ','584022c9-6a39-4eaf-d170-6b2c0fa4edea','staff','students:view,students:create,students:edit,students:delete,staff:view,subjects:view,classes:view','2021-01-04','2023-08-11 01:50:21','2025-10-06 14:58:27');
INSERT INTO staff VALUES('51758f78-1f42-4473-59cd-9cd18301bcbe','11o4P1xx','Andrianna',NULL,'Rizk','dissonant_kelia@yahoo.co.uk','$2b$12$3RyptiKrAOuq.Bp8TZK45u.RrflP5Lu1yHn1SKqDVfmUIOlACTBS2','https://robohash.org/LL7YEYjjKx2Lnsd2H7f5e','+23289035804','534 Markevious Roads','active','full-time','Morbi non dui tortor. ','97df6fcd-7481-496d-fd33-24270930bd49','admin','students:view,students:create,students:edit,students:delete,staff:view,subjects:view,classes:view','2019-10-15','2023-10-05 06:11:07','2025-10-06 14:58:27');
INSERT INTO staff VALUES('69005621-2a6f-4cbb-ca4f-8608e3b2dd68','12b2QcFmaudBJ','Kristena',NULL,'Gerritsen','daunting_fanny@live.com','$2b$12$3RyptiKrAOuq.Bp8TZK45u.RrflP5Lu1yHn1SKqDVfmUIOlACTBS2','https://robohash.org/LL7YEYjjKx2Lnsd2H7f5e','+23284990688','671 Leeks Heights','active','full-time','Suspendisse imperdiet nunc non libero consectetur, eget blandit libero mattis. ','1b2b6242-410c-4970-2df8-ec32dc62337d','staff','students:view,students:create,students:edit,students:delete,staff:view,subjects:view,classes:view','2019-08-09','2024-02-18 19:35:05','2025-10-06 14:58:27');
INSERT INTO staff VALUES('b06056ad-8bd8-400e-eb57-c360b6d10568','13mNcwqVz1oOho','Kattia',NULL,'Runge','delinquent_samanthan@hotmail.fr','$2b$12$3RyptiKrAOuq.Bp8TZK45u.RrflP5Lu1yHn1SKqDVfmUIOlACTBS2','https://robohash.org/LL7YEYjjKx2Lnsd2H7f5e','+23299958424','80 Kendall Orchard','active','part-time','Phasellus lobortis, arcu et feugiat imperdiet, magna ipsum vestibulum massa, eget ullamcorper libero eros sed justo. ','3e64a859-3b69-460f-37dc-e8d5ba04865c','admin','students:view,students:create,students:edit,students:delete,staff:view,subjects:view,classes:view','2025-09-23','2025-09-01 11:55:21','2025-10-06 14:58:27');
INSERT INTO staff VALUES('38263314-1293-4768-c4d5-6d007a18afed','14M7uMC1SPG','Orly',NULL,'Olivo','deformed_robie@ymail.com','$2b$12$3RyptiKrAOuq.Bp8TZK45u.RrflP5Lu1yHn1SKqDVfmUIOlACTBS2','https://robohash.org/LL7YEYjjKx2Lnsd2H7f5e','+23285842264','750 Deserie Alley','active','full-time','Nullam interdum porttitor enim fermentum bibendum. ','584022c9-6a39-4eaf-d170-6b2c0fa4edea','admin','students:view,students:create,students:edit,students:delete,staff:view,subjects:view,classes:view','2023-11-01','2023-04-11 21:46:36','2025-10-06 14:58:27');
INSERT INTO staff VALUES('d380c8a5-4c11-498f-df72-b918ac815ff5','15GxDATzdkz','Alireza',NULL,'Camero','well_brenden@gmail.com','$2b$12$3RyptiKrAOuq.Bp8TZK45u.RrflP5Lu1yHn1SKqDVfmUIOlACTBS2','https://robohash.org/LL7YEYjjKx2Lnsd2H7f5e','+23285680643','585 Sullivan Avenue','active','part-time','Etiam consectetur, odio ut iaculis convallis, ex nisl rhoncus enim, vitae placerat sem dui eu elit. ','97df6fcd-7481-496d-fd33-24270930bd49','staff','students:view,students:create,students:edit,students:delete,staff:view,subjects:view,classes:view','2019-06-29','2026-03-07 18:39:38','2025-10-06 14:58:27');
INSERT INTO staff VALUES('b933770f-e0b9-4d4b-b4ae-b7fc7cf8f18f','16SGwuwJG3e8','Pax',NULL,'Roscoe','disparaging_fanny@rediffmail.com','$2b$12$3RyptiKrAOuq.Bp8TZK45u.RrflP5Lu1yHn1SKqDVfmUIOlACTBS2','https://robohash.org/LL7YEYjjKx2Lnsd2H7f5e','+23299767033','33 Rameek Corners','active','full-time','Fusce facilisis odio et fermentum dapibus. ','584022c9-6a39-4eaf-d170-6b2c0fa4edea','staff','students:view,students:create,students:edit,students:delete,staff:view,subjects:view,classes:view','2018-08-23','2026-02-03 15:35:18','2025-10-06 14:58:27');
INSERT INTO staff VALUES('5263a2cd-8f7c-4bad-cfc5-8e6cf2cbcc9a','17Ld0TW3a853Q','Jaccob',NULL,'Nicklaus','displeasing_lynanne@yahoo.co.uk','$2b$12$3RyptiKrAOuq.Bp8TZK45u.RrflP5Lu1yHn1SKqDVfmUIOlACTBS2','https://robohash.org/LL7YEYjjKx2Lnsd2H7f5e','+23293441604','268 Niswander Circles','active','full-time','Nam elit justo, laoreet a tortor et, tempus dapibus sapien. ','97df6fcd-7481-496d-fd33-24270930bd49','admin','students:view,students:create,students:edit,students:delete,staff:view,subjects:view,classes:view','2018-10-25','2025-10-25 01:24:33','2025-10-06 14:58:27');
INSERT INTO staff VALUES('ddd358bb-5b0a-4093-8502-deff0b54277c','18PX6s7PDUdmSU','Jemaine',NULL,'Hovland','creaky_donnovan@hotmail.com','$2b$12$3RyptiKrAOuq.Bp8TZK45u.RrflP5Lu1yHn1SKqDVfmUIOlACTBS2','https://robohash.org/LL7YEYjjKx2Lnsd2H7f5e','+23287258609','11 Xavian Corner','active','full-time','Fusce in aliquet nulla. ','1b2b6242-410c-4970-2df8-ec32dc62337d','staff','students:view,students:create,students:edit,students:delete,staff:view,subjects:view,classes:view','2022-05-29','2024-07-06 18:11:51','2025-10-06 14:58:27');
INSERT INTO staff VALUES('4ec3c68f-dcb2-40ae-009b-e638faaafe4c','19K63dQci','Vinicio',NULL,'Hooley','ageless_jaymes@yahoo.com','$2b$12$3RyptiKrAOuq.Bp8TZK45u.RrflP5Lu1yHn1SKqDVfmUIOlACTBS2','https://robohash.org/LL7YEYjjKx2Lnsd2H7f5e','+23295291990','3 Toby Row','active','full-time','Mauris lobortis blandit dapibus. ','3e64a859-3b69-460f-37dc-e8d5ba04865c','admin','students:view,students:create,students:edit,students:delete,staff:view,subjects:view,classes:view','2023-06-08','2024-08-27 04:56:32','2025-10-06 14:58:27');
INSERT INTO staff VALUES('d21e3e4e-9959-4910-2c94-cea0c0896aee','1ag81ewZZz','Ronn',NULL,'Snook','dissuasive_amairani@ymail.com','$2b$12$3RyptiKrAOuq.Bp8TZK45u.RrflP5Lu1yHn1SKqDVfmUIOlACTBS2','https://robohash.org/LL7YEYjjKx2Lnsd2H7f5e','+23299850189','336 Petri Passage','active','full-time','Etiam in dignissim tellus, nec egestas mauris. ','a71ea38f-0e35-4bff-0b23-a673abff24d1','staff','students:view,students:create,students:edit,students:delete,staff:view,subjects:view,classes:view','2020-05-22','2026-01-09 23:47:13','2025-10-06 14:58:27');
INSERT INTO staff VALUES('40d7ccc4-0d6d-41fa-76ed-2de20b3af156','1bmV3S0gvjGjPud','Alyss',NULL,'Haupert','whooping_mayar@gmx.de','$2b$12$3RyptiKrAOuq.Bp8TZK45u.RrflP5Lu1yHn1SKqDVfmUIOlACTBS2','https://robohash.org/LL7YEYjjKx2Lnsd2H7f5e','+23293457382','906 Dal Manors','active','full-time','Cras vulputate metus at suscipit vestibulum. ','584022c9-6a39-4eaf-d170-6b2c0fa4edea','staff','students:view,students:create,students:edit,students:delete,staff:view,subjects:view,classes:view','2021-06-03','2023-08-13 02:49:45','2025-10-06 14:58:27');
INSERT INTO staff VALUES('99e5a467-1c04-4593-1a99-3a3c67bc4564','1cHclI8qxm','Kerrin',NULL,'Teasley','consumable_tyrielle@web.de','$2b$12$3RyptiKrAOuq.Bp8TZK45u.RrflP5Lu1yHn1SKqDVfmUIOlACTBS2','https://robohash.org/LL7YEYjjKx2Lnsd2H7f5e','+23285739647','681 Gardin Union','active','part-time','Duis tempor maximus libero non fringilla. ','97df6fcd-7481-496d-fd33-24270930bd49','staff','students:view,students:create,students:edit,students:delete,staff:view,subjects:view,classes:view','2022-12-04','2024-04-12 01:57:05','2025-10-06 14:58:27');
INSERT INTO staff VALUES('58a87569-8b17-4be2-d087-7a7d4d5efdf6','1djgmGfKv93TNwm','Keontay',NULL,'Green','disorganized_hindy@gmail.com','$2b$12$3RyptiKrAOuq.Bp8TZK45u.RrflP5Lu1yHn1SKqDVfmUIOlACTBS2','https://robohash.org/LL7YEYjjKx2Lnsd2H7f5e','+23299993213','95 Laker Ports','active','full-time','Praesent sed felis vitae felis vestibulum hendrerit vel at ipsum. ','3e64a859-3b69-460f-37dc-e8d5ba04865c','staff','students:view,students:create,students:edit,students:delete,staff:view,subjects:view,classes:view','2018-12-12','2023-02-16 01:40:49','2025-10-06 14:58:27');
INSERT INTO staff VALUES('5520b06b-0a85-4d9d-7302-6a8d2b536270','1eDgCXbvkUDi','Rosaly',NULL,'Fink','disparaging_dortha@yahoo.co.in','$2b$12$3RyptiKrAOuq.Bp8TZK45u.RrflP5Lu1yHn1SKqDVfmUIOlACTBS2','https://robohash.org/LL7YEYjjKx2Lnsd2H7f5e','+23295233745','143 Bohall Drive','active','full-time','Aliquam non auctor nulla. ','1b2b6242-410c-4970-2df8-ec32dc62337d','staff','students:view,students:create,students:edit,students:delete,staff:view,subjects:view,classes:view','2021-03-31','2023-03-23 21:25:30','2025-10-06 14:58:27');
INSERT INTO staff VALUES('cb5539e9-67cb-4134-1dcd-dbb4579f4220','1fWkuJtC001','Makynzee',NULL,'Elbe','special_florean@rediffmail.com','$2b$12$3RyptiKrAOuq.Bp8TZK45u.RrflP5Lu1yHn1SKqDVfmUIOlACTBS2','https://robohash.org/LL7YEYjjKx2Lnsd2H7f5e','+23299999092','988 Delani Roads','active','full-time','Duis sed convallis turpis, a pellentesque nibh. ','97df6fcd-7481-496d-fd33-24270930bd49','staff','students:view,students:create,students:edit,students:delete,staff:view,subjects:view,classes:view','2020-10-08','2023-08-07 13:05:34','2025-10-06 14:58:27');
INSERT INTO staff VALUES('492a9d18-e517-42de-6d7b-b963e4c9f111','20rRaUyZgBZDNx','Myrlene',NULL,'Mcgrane','dissolvable_harshith@free.fr','$2b$12$3RyptiKrAOuq.Bp8TZK45u.RrflP5Lu1yHn1SKqDVfmUIOlACTBS2','https://robohash.org/LL7YEYjjKx2Lnsd2H7f5e','+23285048684','137 Foulks Knolls','active','part-time','Integer mi elit, blandit at vehicula non, porta ut odio. ','584022c9-6a39-4eaf-d170-6b2c0fa4edea','admin','students:view,students:create,students:edit,students:delete,staff:view,subjects:view,classes:view','2024-04-20','2026-04-04 22:45:06','2025-10-06 14:58:27');
INSERT INTO staff VALUES('ce3c8bc5-e24d-4a7e-da8d-139470f672c4','21pbA5cI3X','Jilian',NULL,'Constanza','disorganized_ritvik@yahoo.com.br','$2b$12$3RyptiKrAOuq.Bp8TZK45u.RrflP5Lu1yHn1SKqDVfmUIOlACTBS2','https://robohash.org/LL7YEYjjKx2Lnsd2H7f5e','+23290133417','21 Orville Avenue','active','full-time','Ut sollicitudin sed nunc eu iaculis. ','3e64a859-3b69-460f-37dc-e8d5ba04865c','staff','students:view,students:create,students:edit,students:delete,staff:view,subjects:view,classes:view','2018-03-20','2026-01-10 08:53:15','2025-10-06 14:58:27');
INSERT INTO staff VALUES('bb11d4e1-9656-450d-5510-53443cea02a3','22EKkb3C0VV','Talyn',NULL,'Setser','curious_zina@rediffmail.com','$2b$12$3RyptiKrAOuq.Bp8TZK45u.RrflP5Lu1yHn1SKqDVfmUIOlACTBS2','https://robohash.org/LL7YEYjjKx2Lnsd2H7f5e','+23290104895','248 Goodall Dam','active','full-time','Praesent fermentum gravida dolor, eu viverra justo posuere id. ','97df6fcd-7481-496d-fd33-24270930bd49','staff','students:view,students:create,students:edit,students:delete,staff:view,subjects:view,classes:view','2020-04-01','2024-10-13 11:39:00','2025-10-06 14:58:27');
INSERT INTO staff VALUES('de983081-8d85-4cd0-b6e1-e0a21b6b7500','23SeXw3H1rF','Khaliyah',NULL,'Thueson','advantageous_grettell@live.com','$2b$12$3RyptiKrAOuq.Bp8TZK45u.RrflP5Lu1yHn1SKqDVfmUIOlACTBS2','https://robohash.org/LL7YEYjjKx2Lnsd2H7f5e','+23289069603','579 Ethyle Expressway','active','full-time','Donec finibus commodo ligula non tincidunt. ','a71ea38f-0e35-4bff-0b23-a673abff24d1','admin','students:view,students:create,students:edit,students:delete,staff:view,subjects:view,classes:view','2021-11-23','2022-11-23 18:57:02','2025-10-06 14:58:27');
INSERT INTO staff VALUES('e79357b5-d0c7-4932-696c-031b13193bdf','24U9p587EnGUw6','Mikiyah','S','Malan','dissuasive_aila@rediffmail.com','$2b$12$3RyptiKrAOuq.Bp8TZK45u.RrflP5Lu1yHn1SKqDVfmUIOlACTBS2','https://robohash.org/LL7YEYjjKx2Lnsd2H7f5e','+23288715635','49 Hackert Freeway','active','full-time','Cras vestibulum purus leo, in porttitor erat finibus quis. ','3e64a859-3b69-460f-37dc-e8d5ba04865c','staff','students:view,students:create,students:edit,students:delete,staff:view,classes:view,subjects:view','2020-10-13','2026-04-04 03:28:55','2025-10-06 21:29:18');
INSERT INTO staff VALUES('0f7f3b35-1fba-4af7-5662-a9accfe2b069','256IPyq','Florrie',NULL,'Steffes','distressing_damika@rediffmail.com','$2b$12$3RyptiKrAOuq.Bp8TZK45u.RrflP5Lu1yHn1SKqDVfmUIOlACTBS2','https://robohash.org/LL7YEYjjKx2Lnsd2H7f5e','+23289044629','30 Ayllon Knolls','active','full-time','In cursus ullamcorper quam vel imperdiet. ','1b2b6242-410c-4970-2df8-ec32dc62337d','staff','students:view,students:create,students:edit,students:delete,staff:view,subjects:view,classes:view','2025-09-23','2023-08-15 19:55:14','2025-10-06 14:58:27');
INSERT INTO staff VALUES('f65a8e7f-0ab4-4c8e-7c70-0caa2d22fa5e','26ASx3TqE1edNFOrR','Derly',NULL,'Shupe','disproportionate_tanairi@yahoo.fr','$2b$12$3RyptiKrAOuq.Bp8TZK45u.RrflP5Lu1yHn1SKqDVfmUIOlACTBS2','https://robohash.org/LL7YEYjjKx2Lnsd2H7f5e','+23299999376','126 Maycie Expressway','active','full-time','Etiam a eros elementum, fringilla orci nec, cursus magna. ','3e64a859-3b69-460f-37dc-e8d5ba04865c','staff','students:view,students:create,students:edit,students:delete,staff:view,subjects:view,classes:view','2025-06-10','2023-05-12 04:24:45','2025-10-06 14:58:27');
INSERT INTO staff VALUES('52571674-939e-438c-b5eb-2f4b3cf59f08','27XJwdv9ezWHfbG8','Sherryl',NULL,'Suitt','disorderly_nayshawn@hotmail.co.uk','$2b$12$3RyptiKrAOuq.Bp8TZK45u.RrflP5Lu1yHn1SKqDVfmUIOlACTBS2','https://robohash.org/LL7YEYjjKx2Lnsd2H7f5e','+23299960273','3 Tawana Avenue','active','full-time','Nullam ligula est, tincidunt vitae consectetur vel, rutrum at erat. ','3e64a859-3b69-460f-37dc-e8d5ba04865c','staff','students:view,students:create,students:edit,students:delete,staff:view,subjects:view,classes:view','2021-12-22','2023-01-25 19:01:20','2025-10-06 14:58:27');
INSERT INTO staff VALUES('259450ee-c46e-4737-053f-6b473d899b0f','28gx2rBCwqPp7rfAH','Deja',NULL,'Deroy','southern_alenna@outlook.com','$2b$12$3RyptiKrAOuq.Bp8TZK45u.RrflP5Lu1yHn1SKqDVfmUIOlACTBS2','https://robohash.org/LL7YEYjjKx2Lnsd2H7f5e','+23295163688','707 Hood Island','active','full-time','Cras eu condimentum ipsum. ','3e64a859-3b69-460f-37dc-e8d5ba04865c','staff','students:view,students:create,students:edit,students:delete,staff:view,subjects:view,classes:view','2024-03-26','2022-12-25 18:31:11','2025-10-06 14:58:27');
INSERT INTO staff VALUES('bfd8d612-19b5-4439-6fc6-191a00fec121','297fBkYn7iQvJ','Izael',NULL,'Jenney','didactic_suleiman@live.com','$2b$12$3RyptiKrAOuq.Bp8TZK45u.RrflP5Lu1yHn1SKqDVfmUIOlACTBS2','https://robohash.org/LL7YEYjjKx2Lnsd2H7f5e','+23289038025','22 Woehler Cove','active','full-time','Nam vitae pellentesque augue, a congue magna. ','a71ea38f-0e35-4bff-0b23-a673abff24d1','staff','students:view,students:create,students:edit,students:delete,staff:view,subjects:view,classes:view','2020-04-18','2026-03-31 06:22:29','2025-10-06 14:58:27');
INSERT INTO staff VALUES('3c365daa-5957-45be-2c6b-24d839d1baf0','2a2bkMK4trVKEXsA','Rhodes',NULL,'Oelschlager','well-used_calisi@msn.com','$2b$12$3RyptiKrAOuq.Bp8TZK45u.RrflP5Lu1yHn1SKqDVfmUIOlACTBS2','https://robohash.org/LL7YEYjjKx2Lnsd2H7f5e','+23293688921','282 Quattlebaum Loop','active','full-time','Vestibulum lacinia ac ligula quis fringilla. ','3e64a859-3b69-460f-37dc-e8d5ba04865c','staff','students:view,students:create,students:edit,students:delete,staff:view,subjects:view,classes:view','2022-09-15','2023-05-17 02:46:55','2025-10-06 14:58:27');
INSERT INTO staff VALUES('d94c5336-4319-47c0-1fae-6fe4fcafd9da','2bQAB6QujKLkX','Felis',NULL,'Herrle','adventurous_roby@msn.com','$2b$12$3RyptiKrAOuq.Bp8TZK45u.RrflP5Lu1yHn1SKqDVfmUIOlACTBS2','https://robohash.org/LL7YEYjjKx2Lnsd2H7f5e','+23299934295','729 Jontrell Mission','active','full-time','In odio dolor, consectetur eget sapien egestas, viverra pharetra urna. ','97df6fcd-7481-496d-fd33-24270930bd49','staff','students:view,students:create,students:edit,students:delete,staff:view,subjects:view,classes:view','2024-10-16','2023-05-20 22:26:37','2025-10-06 14:58:27');
INSERT INTO staff VALUES('dc212e4d-d0d7-4181-8ff3-c96e26356e00','2cdV5lK4vp','Phylliss',NULL,'Lenahan','disobedient_kaelon@yahoo.co.in','$2b$12$3RyptiKrAOuq.Bp8TZK45u.RrflP5Lu1yHn1SKqDVfmUIOlACTBS2','https://robohash.org/LL7YEYjjKx2Lnsd2H7f5e','+23289039932','635 Nikodem Walk','active','full-time','Ut non erat sed odio gravida blandit. ','a71ea38f-0e35-4bff-0b23-a673abff24d1','staff','students:view,students:create,students:edit,students:delete,staff:view,subjects:view,classes:view','2022-09-29','2022-07-22 02:16:07','2025-10-06 14:58:27');
INSERT INTO staff VALUES('c00a74d4-637d-4dfe-be0e-76386400107c','2dFuTnWYzsV1iLG','Noelani',NULL,'Fabiano','disproportionate_cipriana@live.com','$2b$12$3RyptiKrAOuq.Bp8TZK45u.RrflP5Lu1yHn1SKqDVfmUIOlACTBS2','https://robohash.org/LL7YEYjjKx2Lnsd2H7f5e','+23294862824','239 Bowermaster Place','active','full-time','In faucibus nibh id massa porttitor, vitae sollicitudin metus pretium. ','584022c9-6a39-4eaf-d170-6b2c0fa4edea','admin','students:view,students:create,students:edit,students:delete,staff:view,subjects:view,classes:view','2021-03-24','2026-02-11 09:43:17','2025-10-06 14:58:27');
INSERT INTO staff VALUES('1a15fc06-bbdf-42f7-8ec5-9fb163e96cef','2eW1ycXjaFt5Y7PTm','Kya',NULL,'Gammill','crazy_chavely@gmail.com','$2b$12$3RyptiKrAOuq.Bp8TZK45u.RrflP5Lu1yHn1SKqDVfmUIOlACTBS2','https://robohash.org/LL7YEYjjKx2Lnsd2H7f5e','+23289660458','344 Loeffler Well','active','full-time','Morbi lacus nisl, porttitor ac justo non, ultricies fringilla tellus. ','584022c9-6a39-4eaf-d170-6b2c0fa4edea','staff','students:view,students:create,students:edit,students:delete,staff:view,subjects:view,classes:view','2018-02-03','2022-10-19 22:41:31','2025-10-06 14:58:27');
INSERT INTO staff VALUES('7f6a8dbc-2d93-4c88-5d5e-fc9fa06642cf','2fjDMK2hnh','Shakita',NULL,'Vanderwoude','delectable_halimatou@gmail.com','$2b$12$3RyptiKrAOuq.Bp8TZK45u.RrflP5Lu1yHn1SKqDVfmUIOlACTBS2','https://robohash.org/LL7YEYjjKx2Lnsd2H7f5e','+23295177465','751 Tevita Field','active','part-time','Proin fringilla, urna eu condimentum pharetra, dolor quam sollicitudin mi, vitae consequat sapien purus id magna. ','584022c9-6a39-4eaf-d170-6b2c0fa4edea','staff','students:view,students:create,students:edit,students:delete,staff:view,subjects:view,classes:view','2024-04-06','2023-08-20 11:59:23','2025-10-06 14:58:27');
INSERT INTO staff VALUES('7bf4b80c-ebb0-49cf-c513-ea490bfa6896','30bvDXjD34G','Cina',NULL,'Raymond','wriggly_kijuan@free.fr','$2b$12$3RyptiKrAOuq.Bp8TZK45u.RrflP5Lu1yHn1SKqDVfmUIOlACTBS2','https://robohash.org/LL7YEYjjKx2Lnsd2H7f5e','+23290945988','585 Neveen Parkway','active','part-time','Mauris imperdiet eu quam nec efficitur. ','3e64a859-3b69-460f-37dc-e8d5ba04865c','staff','students:view,students:create,students:edit,students:delete,staff:view,subjects:view,classes:view','2024-05-13','2022-05-16 13:09:22','2025-10-06 14:58:27');
INSERT INTO staff VALUES('0c7f4c2c-3e7e-4844-f00a-7065b17482c7','31HIiSZyDY6oNMx','Rozell',NULL,'Setser','adventurous_jonathon@hotmail.fr','$2b$12$3RyptiKrAOuq.Bp8TZK45u.RrflP5Lu1yHn1SKqDVfmUIOlACTBS2','https://robohash.org/LL7YEYjjKx2Lnsd2H7f5e','+23291588893','451 Grindstaff Hollow','active','full-time','Morbi sit amet nulla vitae arcu porttitor elementum ac vitae nulla. ','97df6fcd-7481-496d-fd33-24270930bd49','staff','students:view,students:create,students:edit,students:delete,staff:view,subjects:view,classes:view','2018-08-27','2025-07-21 07:04:27','2025-10-06 14:58:27');
INSERT INTO staff VALUES('o_6L34M9AET_WQmFvA7cD','MhEG0S0k0kDNVpv8VenNE','School',NULL,'Admin','wiqora@mailinator.com','Pa$$w0rd!',NULL,'','Odio qui provident','active','full-time',NULL,'mbx4-UX9vraCv5_udfJXM','admin','students:view,students:create,students:edit,students:delete,staff:view,subjects:view,classes:view','2025-10-06T15:32:24.915Z','2025-10-06 15:32:24','2025-10-06 15:32:24');
INSERT INTO staff VALUES('qj45gSCfNPddGVXoOVVjD','CDRJDM1YD46','Kermit','Vladimir Rice','Cameron','luwi@mailinator.com','Pa$$w0rd!',NULL,'+1 (968) 202-3029','Consequatur Deserun','active','full-time',NULL,'3e64a859-3b69-460f-37dc-e8d5ba04865c','staff','staff:view,staff:edit,classes:view,subjects:view','2014-03-28','2025-10-06 20:42:06','2025-10-06 20:42:06');
CREATE TABLE `students` (
	`id` text PRIMARY KEY NOT NULL,
	`admission_number` text NOT NULL,
	`first_name` text NOT NULL,
	`middle_name` text,
	`last_name` text NOT NULL,
	`email` text,
	`gender` text NOT NULL,
	`phone_number` text,
	`address` text,
	`date_of_birth` text,
	`avatar_url` text,
	`status` text DEFAULT 'enrolled' NOT NULL,
	`school_id` text,
	`class_id` text,
	`admission_date` text DEFAULT CURRENT_TIMESTAMP NOT NULL,
	`created_at` text DEFAULT CURRENT_TIMESTAMP NOT NULL,
	`updated_at` text,
	FOREIGN KEY (`school_id`) REFERENCES `schools`(`id`) ON UPDATE no action ON DELETE cascade,
	FOREIGN KEY (`class_id`) REFERENCES `classes`(`id`) ON UPDATE no action ON DELETE cascade
);
INSERT INTO students VALUES('729ea12d-709c-4fed-d52e-09d72251a196','0hkNZpdnIHUEQwXe','Cameran',NULL,'Stmarie','ravenous_chizaram@gmail.com','male','+23272647548','172 Deanie Skyway','2019-04-14','https://robohash.org/xwtfLLCkJ-T7-dPP1g3TO','enrolled','3e64a859-3b69-460f-37dc-e8d5ba04865c','01659b20-3314-4d08-9f85-8b537fadc04a','2025-02-22','2024-09-19 14:33:23','2025-10-06 14:58:27');
INSERT INTO students VALUES('f42ec3ab-011c-4d8d-7603-6b66aa9ff12a','1fG4z4s','Madelon',NULL,'Estela','reluctant_vicktoria@web.de','male','+23276399594','284 Zack Stravenue','2021-07-11','https://robohash.org/xwtfLLCkJ-T7-dPP1g3TO','enrolled','3e64a859-3b69-460f-37dc-e8d5ba04865c','67f35190-e62b-4f5d-d1b7-3a0fb364f042','2018-04-10','2023-03-26 10:25:29','2025-10-06 14:58:27');
INSERT INTO students VALUES('77777d73-8c01-450d-b0f1-fcdc9c722868','2myfTcwzfLD0w','Aolani',NULL,'Stephen','ill-fated_charnele@gmx.de','female','+23274719653','24 Davidian Pines','2018-03-14','https://robohash.org/xwtfLLCkJ-T7-dPP1g3TO','enrolled','97df6fcd-7481-496d-fd33-24270930bd49','01659b20-3314-4d08-9f85-8b537fadc04a','2024-03-18','2022-07-23 23:22:58','2025-10-06 14:58:27');
INSERT INTO students VALUES('de52851d-49c9-4121-b5d6-18ba96c9e458','3xpVb2v9I4fEf','Zaynah',NULL,'Frana','provisional_emelly@gmail.com','female','+23288030989','751 Seller Bypass','2015-12-16','https://robohash.org/xwtfLLCkJ-T7-dPP1g3TO','enrolled','3e64a859-3b69-460f-37dc-e8d5ba04865c','c1789cf6-0546-4a3a-7099-23fb59a8c0c6','2022-11-02','2023-01-31 20:05:10','2025-10-06 14:58:27');
INSERT INTO students VALUES('7a738477-c99d-4284-a534-972d6338f972','47Aqb4Y2PcOHz5k','Stassi',NULL,'Breitling','rotten_shakena@live.com','male','+23294356482','521 Puccini Throughway','2015-01-28','https://robohash.org/xwtfLLCkJ-T7-dPP1g3TO','enrolled','97df6fcd-7481-496d-fd33-24270930bd49','01659b20-3314-4d08-9f85-8b537fadc04a','2018-01-07','2024-02-01 22:36:28','2025-10-06 14:58:27');
INSERT INTO students VALUES('86de6778-2186-4ff9-a686-6c85d023a57d','5Ky1d1Q3Aup3v','Maison',NULL,'Tomkinson','squatting_mikaylah@yahoo.co.in','female','+23294997962','502 Campanaro Summit','2014-11-01','https://robohash.org/xwtfLLCkJ-T7-dPP1g3TO','enrolled','1b2b6242-410c-4970-2df8-ec32dc62337d','ae0c31f6-0263-4584-1482-a7f36fc6c9c8','2022-01-02','2023-05-09 12:04:08','2025-10-06 14:58:27');
INSERT INTO students VALUES('a837c115-8e07-4164-400e-95acb773bdf9','6wxcZDwJxjmm','Mahaley',NULL,'Summons','ravenous_salley@yahoo.fr','male','+23296307569','930 Bogardus Camp','2020-10-19','https://robohash.org/xwtfLLCkJ-T7-dPP1g3TO','enrolled','584022c9-6a39-4eaf-d170-6b2c0fa4edea','c1789cf6-0546-4a3a-7099-23fb59a8c0c6','2018-01-28','2023-06-11 03:56:33','2025-10-06 14:58:27');
INSERT INTO students VALUES('89eef2a2-0383-4cdc-4737-153b4ce79bcf','7hgLShQRlIqD8','Lianet',NULL,'Worstell','rotund_marialuiza@web.de','female','+23279412959','814 Basir Springs','2015-01-23','https://robohash.org/xwtfLLCkJ-T7-dPP1g3TO','enrolled','3e64a859-3b69-460f-37dc-e8d5ba04865c','af8a58f2-ca84-4337-db97-77df4478fa0c','2020-06-07','2025-04-02 22:39:35','2025-10-06 14:58:27');
INSERT INTO students VALUES('2f0449e2-2c68-4b56-547a-dd993b90cba8','8xgrLBgCjf','Tahjmir',NULL,'Winegarden','ravenous_keneisha@rediffmail.com','male','+23294932105','879 Clayman Island','2020-11-13','https://robohash.org/xwtfLLCkJ-T7-dPP1g3TO','enrolled','3e64a859-3b69-460f-37dc-e8d5ba04865c','7654844e-e961-499f-c0aa-609b48f7bf9f','2025-02-03','2025-03-31 08:29:42','2025-10-06 14:58:27');
INSERT INTO students VALUES('33e4ad2a-813b-4a76-a3c8-6969befcee60','9ojB2J90XKY1pI5f5','Roshana',NULL,'Mccown','routine_troylene@msn.com','male','+23297044554','322 Keanu Village','2022-05-25','https://robohash.org/xwtfLLCkJ-T7-dPP1g3TO','enrolled','584022c9-6a39-4eaf-d170-6b2c0fa4edea','01659b20-3314-4d08-9f85-8b537fadc04a','2022-07-19','2025-09-04 05:06:09','2025-10-06 14:58:27');
INSERT INTO students VALUES('749d4635-bd97-46fc-9658-0e0d09b0c392','abtaTRYk9qll9nN','Delphie',NULL,'Tomson','ravenous_aneli@orange.fr','female','+23277984368','243 Kaffenberger Views','2018-10-28','https://robohash.org/xwtfLLCkJ-T7-dPP1g3TO','enrolled','584022c9-6a39-4eaf-d170-6b2c0fa4edea','77f8ed83-f3fa-4a58-40f9-a60850b9ee16','2024-03-20','2024-12-19 22:25:33','2025-10-06 14:58:27');
INSERT INTO students VALUES('3e4d5687-fdde-421d-cda2-cba4853087c3','bqhO1SqDeLxqDveu','Kamiah',NULL,'Azer','ravenous_shaquinta@yahoo.co.uk','female','+23294373158','792 Jamaury Falls','2017-09-28','https://robohash.org/xwtfLLCkJ-T7-dPP1g3TO','enrolled','584022c9-6a39-4eaf-d170-6b2c0fa4edea','7654844e-e961-499f-c0aa-609b48f7bf9f','2021-08-05','2023-04-17 14:10:44','2025-10-06 14:58:27');
INSERT INTO students VALUES('52c5d7aa-01e6-497a-7b1b-611a97cb19c2','c9aSD1mDzpycQ','Gentry',NULL,'Styer','ravenous_foye@wanadoo.fr','female','+23275482594','960 Kynzee Heights','2020-07-27','https://robohash.org/xwtfLLCkJ-T7-dPP1g3TO','enrolled','97df6fcd-7481-496d-fd33-24270930bd49','67f35190-e62b-4f5d-d1b7-3a0fb364f042','2018-01-27','2024-06-19 18:59:08','2025-10-06 14:58:27');
INSERT INTO students VALUES('6ec25e3d-49a9-4d45-6278-323e71d1bb46','dINdDI1','Denell',NULL,'Guidice','ravenous_silveria@yahoo.fr','male','+23209920645','823 Xavia Forge','2021-11-15','https://robohash.org/xwtfLLCkJ-T7-dPP1g3TO','enrolled','3e64a859-3b69-460f-37dc-e8d5ba04865c','01659b20-3314-4d08-9f85-8b537fadc04a','2021-01-30','2023-08-15 22:12:14','2025-10-06 14:58:27');
INSERT INTO students VALUES('f09c7f93-fe30-4189-c2de-5caf270eb4b3','eB8fJfO5QppadU','Othell',NULL,'Critelli','chilly_ekam@hotmail.fr','male','+23274437946','308 Saxton Well','2016-11-18','https://robohash.org/xwtfLLCkJ-T7-dPP1g3TO','enrolled','584022c9-6a39-4eaf-d170-6b2c0fa4edea','3599c6cc-900e-4185-1586-a9d7dddc6c08','2018-04-17','2023-11-26 06:41:28','2025-10-06 14:58:27');
INSERT INTO students VALUES('1de8b288-4b65-49d5-69fc-78927fb239e5','fDkHT5UA4','Johathan',NULL,'Kuzma','roundtable_imanol@gmx.de','female','+23278483243','73 Garnto Glens','2021-01-24','https://robohash.org/xwtfLLCkJ-T7-dPP1g3TO','enrolled','97df6fcd-7481-496d-fd33-24270930bd49','c1789cf6-0546-4a3a-7099-23fb59a8c0c6','2020-03-23','2023-10-29 06:50:11','2025-10-06 14:58:27');
INSERT INTO students VALUES('cb091131-9399-4a7a-35c5-9dee4be47400','10E4wi0OEcKkBgWU0','Endy',NULL,'Clerk','routine_adir@gmail.com','female','+23275692722','103 Bufkin Islands','2018-10-02','https://robohash.org/xwtfLLCkJ-T7-dPP1g3TO','enrolled','a71ea38f-0e35-4bff-0b23-a673abff24d1','7654844e-e961-499f-c0aa-609b48f7bf9f','2024-09-10','2025-05-02 10:43:10','2025-10-06 14:58:27');
INSERT INTO students VALUES('2a664f01-6124-4c31-dc70-1e00ad7fa0d9','11eSoBRLqvySNWmhRE','Jacori',NULL,'Greenstreet','rotund_musa@comcast.net','male','+23275082623','450 Bradleigh Throughway','2014-11-29','https://robohash.org/xwtfLLCkJ-T7-dPP1g3TO','enrolled','97df6fcd-7481-496d-fd33-24270930bd49','7654844e-e961-499f-c0aa-609b48f7bf9f','2021-11-16','2025-07-20 22:30:46','2025-10-06 14:58:27');
INSERT INTO students VALUES('63d3ad40-0223-4f3c-eebc-362c54195714','12eUYx2dtYPcp3X','Tou',NULL,'Paoli','ridiculing_viviane@yahoo.co.uk','female','+23296914372','636 Monifa Estates','2014-10-09','https://robohash.org/xwtfLLCkJ-T7-dPP1g3TO','enrolled','a71ea38f-0e35-4bff-0b23-a673abff24d1','c1789cf6-0546-4a3a-7099-23fb59a8c0c6','2024-06-26','2023-10-28 04:09:19','2025-10-06 14:58:27');
INSERT INTO students VALUES('2deaf2e8-9b0f-4995-ab1d-7700a615d3c3','13v9KZGrKIxa5p','Kaylynne',NULL,'Herlong','ravenous_elyce@yahoo.fr','male','+23275527042','647 Aikin Run','2017-07-15','https://robohash.org/xwtfLLCkJ-T7-dPP1g3TO','enrolled','1b2b6242-410c-4970-2df8-ec32dc62337d','2c72c32a-933e-44dc-424f-a2879b0211ec','2023-02-09','2024-03-06 11:26:47','2025-10-06 14:58:27');
INSERT INTO students VALUES('83154498-2fdc-478c-432c-2aca8b5dbb89','14qmvfyivl87Zo','Ohm',NULL,'Biegler','resentful_oz@live.com','male','+23274857710','820 Delmy Loaf','2019-03-22','https://robohash.org/xwtfLLCkJ-T7-dPP1g3TO','enrolled','97df6fcd-7481-496d-fd33-24270930bd49','01659b20-3314-4d08-9f85-8b537fadc04a','2025-03-09','2024-08-08 16:46:11','2025-10-06 14:58:27');
INSERT INTO students VALUES('5507a5a8-5629-4b76-5364-c0c41fa69f2b','15yKdzay7v','Myangel',NULL,'Nyquist','ravenous_elishia@yahoo.co.in','female','+23294809608','777 Shivonne Corner','2021-05-19','https://robohash.org/xwtfLLCkJ-T7-dPP1g3TO','enrolled','a71ea38f-0e35-4bff-0b23-a673abff24d1','7654844e-e961-499f-c0aa-609b48f7bf9f','2018-09-29','2024-04-04 08:00:53','2025-10-06 14:58:27');
INSERT INTO students VALUES('b1874e58-1d25-4681-54a7-a9200a6a1db2','16uVgZmU3i4rm','Zayna',NULL,'Guevara','routine_shakeerah@yahoo.com.br','male','+23278668453','262 Sherlynn Ways','2021-04-15','https://robohash.org/xwtfLLCkJ-T7-dPP1g3TO','enrolled','1b2b6242-410c-4970-2df8-ec32dc62337d','01659b20-3314-4d08-9f85-8b537fadc04a','2019-08-21','2024-12-21 21:31:11','2025-10-06 14:58:27');
INSERT INTO students VALUES('1ef981ac-0219-44a8-0559-cc834d71ca8f','17B92mtWH9H','Lara',NULL,'Vroman','rippling_joeseph@gmail.com','male','+23276306120','273 Schatzman Coves','2016-03-05','https://robohash.org/xwtfLLCkJ-T7-dPP1g3TO','enrolled','1b2b6242-410c-4970-2df8-ec32dc62337d','77f8ed83-f3fa-4a58-40f9-a60850b9ee16','2018-12-02','2024-04-19 18:05:20','2025-10-06 14:58:27');
INSERT INTO students VALUES('d4cafe2e-6cbe-4def-48b9-45a580d99f35','18ApFNHOXR','Jasiyah',NULL,'Gropp','resonant_sherice@hotmail.co.uk','female','+23278493084','94 Yanni Divide','2020-05-29','https://robohash.org/xwtfLLCkJ-T7-dPP1g3TO','enrolled','584022c9-6a39-4eaf-d170-6b2c0fa4edea','01659b20-3314-4d08-9f85-8b537fadc04a','2024-10-25','2023-06-22 03:55:22','2025-10-06 14:58:27');
INSERT INTO students VALUES('d617a598-400b-4fac-adf4-ba5a9b97b03e','19pL930ioLj9Mr','Chiyono',NULL,'Hungerford','ravenous_jetta@wanadoo.fr','male','+23275492431','819 Tonesha Shore','2018-02-17','https://robohash.org/xwtfLLCkJ-T7-dPP1g3TO','enrolled','1b2b6242-410c-4970-2df8-ec32dc62337d','01659b20-3314-4d08-9f85-8b537fadc04a','2020-03-24','2023-11-12 13:55:08','2025-10-06 14:58:27');
INSERT INTO students VALUES('eaf0eaae-1216-4c07-15ac-6b787a3c84c8','1amxSVEw2GTd','Kristofer',NULL,'Gutierrez','resilient_stedman@orange.fr','female','+23279328929','507 Hund Lake','2016-10-01','https://robohash.org/xwtfLLCkJ-T7-dPP1g3TO','enrolled','a71ea38f-0e35-4bff-0b23-a673abff24d1','ae0c31f6-0263-4584-1482-a7f36fc6c9c8','2022-12-30','2024-11-10 01:45:01','2025-10-06 14:58:27');
INSERT INTO students VALUES('a94f8db2-9a65-45f8-587f-8ee935083282','1bV56TlrV','Sabian',NULL,'Schifano','minor_joah@web.de','female','+23294920033','655 Dicie Neck','2021-01-02','https://robohash.org/xwtfLLCkJ-T7-dPP1g3TO','enrolled','584022c9-6a39-4eaf-d170-6b2c0fa4edea','c1789cf6-0546-4a3a-7099-23fb59a8c0c6','2021-12-06','2025-10-27 07:43:45','2025-10-06 14:58:27');
INSERT INTO students VALUES('68b71e19-b727-434f-3f25-08cba2c04555','1c0fzOJO1ZpMSb','December',NULL,'Hesser','punctual_clotile@gmx.de','male','+23294816564','738 Trela Garden','2021-12-10','https://robohash.org/xwtfLLCkJ-T7-dPP1g3TO','enrolled','97df6fcd-7481-496d-fd33-24270930bd49','c1789cf6-0546-4a3a-7099-23fb59a8c0c6','2020-08-03','2025-09-30 19:25:35','2025-10-06 14:58:27');
INSERT INTO students VALUES('cccb51e9-a465-489f-7e74-ccb6ae72d7ba','1dovtV67qhX6Kx','Elouise',NULL,'Duda','psychotic_tequesta@msn.com','female','+23275486278','13 Chea Lane','2021-01-28','https://robohash.org/xwtfLLCkJ-T7-dPP1g3TO','enrolled','3e64a859-3b69-460f-37dc-e8d5ba04865c','ae0c31f6-0263-4584-1482-a7f36fc6c9c8','2021-06-12','2023-01-14 02:32:02','2025-10-06 14:58:27');
INSERT INTO students VALUES('eff611a2-7f0a-44c6-97f8-d18e99501bb4','1euXutDHwbP73eJh','Chardonnay',NULL,'Rickman','rotund_daryn@aol.com','male','+23278492099','497 Gurjot Brooks','2015-11-30','https://robohash.org/xwtfLLCkJ-T7-dPP1g3TO','enrolled','a71ea38f-0e35-4bff-0b23-a673abff24d1','67f35190-e62b-4f5d-d1b7-3a0fb364f042','2025-10-05','2023-01-31 05:22:32','2025-10-06 14:58:27');
INSERT INTO students VALUES('a1a51f92-5cac-4cc5-bf30-8a426884586e','1fvdCiQBEm8sqwnPLp','Mandee',NULL,'Schembri','retrogressive_mariellen@hotmail.com','male','+23274556885','234 Prowse Falls','2015-11-15','https://robohash.org/xwtfLLCkJ-T7-dPP1g3TO','enrolled','97df6fcd-7481-496d-fd33-24270930bd49','67f35190-e62b-4f5d-d1b7-3a0fb364f042','2023-04-04','2025-09-29 23:36:09','2025-10-06 14:58:27');
INSERT INTO students VALUES('df1f13ca-fef7-4734-816c-29ed5b7c6569','20WdZrY','Zipora',NULL,'Dinh','perilous_cherryl@ymail.com','female','+23274659509','417 Aizlynn Manors','2018-08-28','https://robohash.org/xwtfLLCkJ-T7-dPP1g3TO','enrolled','584022c9-6a39-4eaf-d170-6b2c0fa4edea','2c72c32a-933e-44dc-424f-a2879b0211ec','2025-06-27','2024-06-21 14:56:59','2025-10-06 14:58:27');
INSERT INTO students VALUES('7e859c62-c897-4515-4fe2-485b239bb97c','21vN8rgQ8dxw','Samanthia',NULL,'Eplin','ravenous_smrithi@web.de','male','+23273421474','24 Lily Crossing','2019-12-07','https://robohash.org/xwtfLLCkJ-T7-dPP1g3TO','enrolled','97df6fcd-7481-496d-fd33-24270930bd49','c1789cf6-0546-4a3a-7099-23fb59a8c0c6','2018-05-26','2024-04-08 00:00:29','2025-10-06 14:58:27');
INSERT INTO students VALUES('c650b766-1b00-4ee1-a4d2-5d9465540bd8','22OZgrZoT','Earnest',NULL,'Mordan','roguish_ndeye@ymail.com','female','+23296965615','739 Maliki Flat','2022-03-26','https://robohash.org/xwtfLLCkJ-T7-dPP1g3TO','enrolled','97df6fcd-7481-496d-fd33-24270930bd49','3599c6cc-900e-4185-1586-a9d7dddc6c08','2018-08-16','2025-09-26 01:12:56','2025-10-06 14:58:27');
INSERT INTO students VALUES('720ba2fd-ad91-4589-71cb-ce612ad8a49d','23SgugzL5puS','Verlinda',NULL,'Beeks','ritualistic_basilia@comcast.net','female','+23283312260','786 Shanyla Union','2015-03-22','https://robohash.org/xwtfLLCkJ-T7-dPP1g3TO','enrolled','1b2b6242-410c-4970-2df8-ec32dc62337d','7654844e-e961-499f-c0aa-609b48f7bf9f','2019-08-19','2025-06-19 08:02:48','2025-10-06 14:58:27');
INSERT INTO students VALUES('c17c2267-4ebb-4230-5580-ed81ec51ed0f','24m2JvdsqE','Frederic',NULL,'Hamill','resonant_ayyub@yahoo.com.br','female','+23294814864','212 Meador Ramp','2018-03-23','https://robohash.org/xwtfLLCkJ-T7-dPP1g3TO','enrolled','97df6fcd-7481-496d-fd33-24270930bd49','ae0c31f6-0263-4584-1482-a7f36fc6c9c8','2025-03-04','2022-09-23 11:27:02','2025-10-06 14:58:27');
INSERT INTO students VALUES('9623dec9-d5c1-4995-8615-39d1f884f5a3','25MJruyL0o2vAG','Gilman',NULL,'Mouw','atrocious_uriel@rediffmail.com','female','+23278486553','881 Lohmann Brook','2021-01-13','https://robohash.org/xwtfLLCkJ-T7-dPP1g3TO','enrolled','584022c9-6a39-4eaf-d170-6b2c0fa4edea','67f35190-e62b-4f5d-d1b7-3a0fb364f042','2022-04-11','2023-01-13 08:27:02','2025-10-06 14:58:27');
INSERT INTO students VALUES('c07a541c-5ef0-409a-0b40-c1a3eb41dc74','26zbv7rryETmse','Shanieka',NULL,'Dix','ravenous_naira@yahoo.com.br','male','+23279487268','659 Annalie Wells','2019-07-08','https://robohash.org/xwtfLLCkJ-T7-dPP1g3TO','enrolled','97df6fcd-7481-496d-fd33-24270930bd49','01659b20-3314-4d08-9f85-8b537fadc04a','2025-03-25','2023-02-04 22:48:46','2025-10-06 14:58:27');
INSERT INTO students VALUES('fb5471e9-f3f1-4f8f-acfb-d0c47d599233','27MI62hS2','Navarro',NULL,'Patras','reserved_season@hotmail.co.uk','male','+23201490830','494 Lansdale Gardens','2015-10-07','https://robohash.org/xwtfLLCkJ-T7-dPP1g3TO','enrolled','3e64a859-3b69-460f-37dc-e8d5ba04865c','ae0c31f6-0263-4584-1482-a7f36fc6c9c8','2019-10-24','2024-03-29 18:06:12','2025-10-06 14:58:27');
INSERT INTO students VALUES('617585e9-f697-4429-d640-bab6be4e31f1','288NVZTb','Perlita',NULL,'Brys','past_ameenah@hotmail.com','male','+23200077855','408 Prather Bridge','2021-09-21','https://robohash.org/xwtfLLCkJ-T7-dPP1g3TO','enrolled','1b2b6242-410c-4970-2df8-ec32dc62337d','ae0c31f6-0263-4584-1482-a7f36fc6c9c8','2019-02-09','2025-08-06 20:56:17','2025-10-06 14:58:27');
INSERT INTO students VALUES('a37561e5-aefe-4782-5d82-d4b800cdf723','297VJQKdwLr','Kynnedy',NULL,'Stennis','ravenous_lany@yahoo.co.uk','male','+23276118924','626 Reola Summit','2019-11-23','https://robohash.org/xwtfLLCkJ-T7-dPP1g3TO','enrolled','584022c9-6a39-4eaf-d170-6b2c0fa4edea','c1789cf6-0546-4a3a-7099-23fb59a8c0c6','2021-06-13','2022-12-29 06:58:29','2025-10-06 14:58:27');
INSERT INTO students VALUES('bd160010-59eb-49cb-46b2-1dd4462f36e1','2a2p2rA4lP','Nadeem',NULL,'Thomasson','rotund_tawny@gmail.com','male','+23292480242','180 Markell Extensions','2019-08-03','https://robohash.org/xwtfLLCkJ-T7-dPP1g3TO','enrolled','1b2b6242-410c-4970-2df8-ec32dc62337d','01659b20-3314-4d08-9f85-8b537fadc04a','2024-06-10','2024-04-10 00:25:03','2025-10-06 14:58:27');
INSERT INTO students VALUES('c50a8e37-98f2-4b0f-3ff7-8c5466924022','2by7YZt565pRtX4vf','Zaire',NULL,'Ognibene','ravenous_hanifah@free.fr','male','+23201387224','512 Hippensteel Cove','2018-03-05','https://robohash.org/xwtfLLCkJ-T7-dPP1g3TO','enrolled','a71ea38f-0e35-4bff-0b23-a673abff24d1','77f8ed83-f3fa-4a58-40f9-a60850b9ee16','2017-10-17','2025-07-08 20:11:07','2025-10-06 14:58:27');
INSERT INTO students VALUES('02af53b9-a24c-42a2-1c41-4d6699cd2c4a','2cDcDTJ','Kimberly',NULL,'Gullatt','ravenous_jalaine@msn.com','female','+23288205369','106 Tamera Manors','2018-04-26','https://robohash.org/xwtfLLCkJ-T7-dPP1g3TO','enrolled','a71ea38f-0e35-4bff-0b23-a673abff24d1','3599c6cc-900e-4185-1586-a9d7dddc6c08','2021-09-09','2025-08-18 13:26:45','2025-10-06 14:58:27');
INSERT INTO students VALUES('370f9828-7855-4ccb-f7f2-22347b2ca3d1','2eer86Diyv4','Cletis',NULL,'Seman','perceptual_victorino@yahoo.com.br','male','+23200628545','235 Lakendra Drives','2015-03-24','https://robohash.org/xwtfLLCkJ-T7-dPP1g3TO','enrolled','584022c9-6a39-4eaf-d170-6b2c0fa4edea','67f35190-e62b-4f5d-d1b7-3a0fb364f042','2023-03-12','2024-02-01 20:17:45','2025-10-06 14:58:27');
INSERT INTO students VALUES('0ec73de3-a6c0-4939-674c-40d574b7e1aa','303XQAdQ','Brookelynn',NULL,'Delima','ravenous_mikia@gmx.de','male','+23200033945','291 Kapri Rue','2016-03-30','https://robohash.org/xwtfLLCkJ-T7-dPP1g3TO','enrolled','97df6fcd-7481-496d-fd33-24270930bd49','af8a58f2-ca84-4337-db97-77df4478fa0c','2024-07-05','2025-12-14 05:17:18','2025-10-06 14:58:27');
INSERT INTO students VALUES('d4f06355-7a7e-4724-686e-a83e0054f5c1','31h0XvL00C1rkpIx','Taje',NULL,'Bosma','plane_abbott@msn.com','female','+23277354637','291 Feliciano Heights','2020-05-11','https://robohash.org/xwtfLLCkJ-T7-dPP1g3TO','enrolled','a71ea38f-0e35-4bff-0b23-a673abff24d1','2c72c32a-933e-44dc-424f-a2879b0211ec','2020-05-12','2023-02-02 21:43:06','2025-10-06 14:58:27');
INSERT INTO students VALUES('991bf027-2907-4f98-347e-36793075f79a','32dBkJO3xlF6Qq','Eder',NULL,'Torbett','ravenous_elyce@rediffmail.com','male','+23277230548','287 Alarid Green','2020-10-20','https://robohash.org/xwtfLLCkJ-T7-dPP1g3TO','enrolled','97df6fcd-7481-496d-fd33-24270930bd49','3599c6cc-900e-4185-1586-a9d7dddc6c08','2020-04-21','2023-10-28 06:46:06','2025-10-06 14:58:27');
INSERT INTO students VALUES('50fb9988-7a0d-4f6b-5130-049413d021f0','34EW4lPlpbQFMn','Dasani',NULL,'Leggett','unredeemable_ariatna@comcast.net','female','+23278407707','198 Eleen Passage','2019-10-30','https://robohash.org/xwtfLLCkJ-T7-dPP1g3TO','enrolled','a71ea38f-0e35-4bff-0b23-a673abff24d1','c1789cf6-0546-4a3a-7099-23fb59a8c0c6','2024-07-16','2024-11-15 12:25:06','2025-10-06 14:58:27');
INSERT INTO students VALUES('4c933a8c-0408-470a-5383-ba9ef6b79a72','350bvhS0yMsB9','Arpine',NULL,'Colleran','puffy_song@hotmail.com','male','+23277598672','267 Siera Extension','2018-09-30','https://robohash.org/xwtfLLCkJ-T7-dPP1g3TO','enrolled','97df6fcd-7481-496d-fd33-24270930bd49','af8a58f2-ca84-4337-db97-77df4478fa0c','2021-04-27','2024-07-15 19:22:15','2025-10-06 14:58:27');
INSERT INTO students VALUES('5c7db91a-b936-41da-97e3-607ed5e944d8','37RmAnlkAWAo6','Ginamarie',NULL,'Floor','ravenous_eufracia@gmail.com','male','+23293507858','142 Spector Roads','2020-11-28','https://robohash.org/xwtfLLCkJ-T7-dPP1g3TO','enrolled','97df6fcd-7481-496d-fd33-24270930bd49','01659b20-3314-4d08-9f85-8b537fadc04a','2025-09-09','2025-06-15 15:35:35','2025-10-06 14:58:27');
INSERT INTO students VALUES('fe3312f5-b3e3-4ca5-8a1f-8288b81df0e3','38QBtZTb25','Joshuamichael',NULL,'Sardinha','robotic_valla@yahoo.co.in','female','+23288191939','640 Harmeyer Shore','2015-09-19','https://robohash.org/xwtfLLCkJ-T7-dPP1g3TO','enrolled','97df6fcd-7481-496d-fd33-24270930bd49','c1789cf6-0546-4a3a-7099-23fb59a8c0c6','2023-12-02','2022-11-27 08:43:56','2025-10-06 14:58:27');
INSERT INTO students VALUES('45a96ffe-be2c-4893-9ae3-0529c3712fe8','394bRiq7zvz','Damoni',NULL,'Fitzsimmons','rippling_florida@live.com','female','+23294944452','277 Langlinais Expressway','2020-07-28','https://robohash.org/xwtfLLCkJ-T7-dPP1g3TO','enrolled','584022c9-6a39-4eaf-d170-6b2c0fa4edea','67f35190-e62b-4f5d-d1b7-3a0fb364f042','2018-10-15','2025-04-30 06:59:47','2025-10-06 14:58:27');
INSERT INTO students VALUES('3130e5e8-f362-471a-415a-0be362d0588e','3ajNTrPnuphWCGz','Neyla',NULL,'Longobardi','ravenous_jasminne@gmx.de','female','+23296123463','850 Divers Mill','2018-03-05','https://robohash.org/xwtfLLCkJ-T7-dPP1g3TO','enrolled','584022c9-6a39-4eaf-d170-6b2c0fa4edea','77f8ed83-f3fa-4a58-40f9-a60850b9ee16','2023-06-24','2025-04-24 05:13:12','2025-10-06 14:58:27');
INSERT INTO students VALUES('9602608a-a8c5-4db9-b65e-12bc332970c4','3bOkh8l98Yk9','Jenean',NULL,'Wingrove','ravenous_corielle@web.de','male','+23294810227','698 Prescher Stravenue','2021-07-10','https://robohash.org/xwtfLLCkJ-T7-dPP1g3TO','enrolled','97df6fcd-7481-496d-fd33-24270930bd49','01659b20-3314-4d08-9f85-8b537fadc04a','2021-12-29','2023-02-07 03:20:43','2025-10-06 14:58:27');
INSERT INTO students VALUES('50a55292-3b48-4088-3deb-63f0b8a90b2e','3cXRtym','Janaya',NULL,'Strayer','ravenous_beryle@rediffmail.com','female','+23277332500','629 Netherton Branch','2017-12-17','https://robohash.org/xwtfLLCkJ-T7-dPP1g3TO','enrolled','97df6fcd-7481-496d-fd33-24270930bd49','af8a58f2-ca84-4337-db97-77df4478fa0c','2024-06-23','2023-05-18 10:04:09','2025-10-06 14:58:27');
INSERT INTO students VALUES('265f1890-1418-4778-c73c-5b22b7176db9','3dTDpbqye5qGA','Jakira',NULL,'Mischler','rotund_jarrad@yahoo.fr','female','+23277497509','18 Iodice Branch','2016-11-19','https://robohash.org/xwtfLLCkJ-T7-dPP1g3TO','enrolled','584022c9-6a39-4eaf-d170-6b2c0fa4edea','01659b20-3314-4d08-9f85-8b537fadc04a','2025-04-28','2024-06-16 15:03:49','2025-10-06 14:58:27');
INSERT INTO students VALUES('41ab2acc-10ab-494c-45d4-8869d8c9b181','3eHhtBndjrEk2W4lK','Cosette',NULL,'Reppond','captivating_ireon@live.com','female','+23223278932','191 Clella Ville','2020-05-22','https://robohash.org/xwtfLLCkJ-T7-dPP1g3TO','enrolled','97df6fcd-7481-496d-fd33-24270930bd49','c1789cf6-0546-4a3a-7099-23fb59a8c0c6','2023-05-06','2026-03-05 00:39:11','2025-10-06 14:58:27');
INSERT INTO students VALUES('faf19ff3-f27f-40e5-2cc3-db5c032f400a','3f9smo7TQF3','Michiah',NULL,'Goodenow','resident_imunique@outlook.com','male','+23274982081','822 Pendleton Road','2020-06-24','https://robohash.org/xwtfLLCkJ-T7-dPP1g3TO','enrolled','97df6fcd-7481-496d-fd33-24270930bd49','ae0c31f6-0263-4584-1482-a7f36fc6c9c8','2021-10-21','2022-11-11 11:52:01','2025-10-06 14:58:27');
INSERT INTO students VALUES('f09769d3-4378-49de-206d-c481a4086b83','40t9pzZp5bFxM6o6y','Helmer',NULL,'Noller','joint_carey@wanadoo.fr','female','+23200895301','913 Belaire Place','2015-02-12','https://robohash.org/xwtfLLCkJ-T7-dPP1g3TO','enrolled','584022c9-6a39-4eaf-d170-6b2c0fa4edea','2c72c32a-933e-44dc-424f-a2879b0211ec','2024-06-23','2025-06-16 02:37:52','2025-10-06 14:58:27');
INSERT INTO students VALUES('1b0a1a6f-ed8c-4331-7146-96fdb05a6600','41RE8pzT5YH26A7CaK','Masiah',NULL,'Stachowiak','ravenous_elyce@orange.fr','female','+23278491658','197 Andriy Lane','2021-12-17','https://robohash.org/xwtfLLCkJ-T7-dPP1g3TO','enrolled','3e64a859-3b69-460f-37dc-e8d5ba04865c','01659b20-3314-4d08-9f85-8b537fadc04a','2020-05-04','2023-02-23 07:27:00','2025-10-06 14:58:27');
INSERT INTO students VALUES('69b813ce-1a9b-4b4b-064b-b588544f2c9f','42luOcT','Arfa',NULL,'Eckl','instinctual_eino@yahoo.fr','male','+23237934352','814 Kizzee Garden','2021-02-26','https://robohash.org/xwtfLLCkJ-T7-dPP1g3TO','enrolled','584022c9-6a39-4eaf-d170-6b2c0fa4edea','2c72c32a-933e-44dc-424f-a2879b0211ec','2018-02-02','2025-07-27 03:48:08','2025-10-06 14:58:27');
INSERT INTO students VALUES('9fdc9ed3-71cc-4f27-1b36-b72c434d7f92','43SyBu6S5AA1mlPGEG','Dannah',NULL,'Milby','ravenous_analena@aol.com','male','+23279478298','334 Selner Islands','2017-07-19','https://robohash.org/xwtfLLCkJ-T7-dPP1g3TO','enrolled','584022c9-6a39-4eaf-d170-6b2c0fa4edea','2c72c32a-933e-44dc-424f-a2879b0211ec','2018-03-10','2025-03-10 20:24:59','2025-10-06 14:58:27');
INSERT INTO students VALUES('877cfbe0-ea07-47a7-1217-ed508d6fbf49','443auwDU','Jahan',NULL,'Runco','routine_lorik@aol.com','female','+23294968069','398 Marye Plains','2019-03-18','https://robohash.org/xwtfLLCkJ-T7-dPP1g3TO','enrolled','97df6fcd-7481-496d-fd33-24270930bd49','af8a58f2-ca84-4337-db97-77df4478fa0c','2024-10-11','2026-03-02 02:59:24','2025-10-06 14:58:27');
INSERT INTO students VALUES('e17c2e9a-1f0b-48c6-260b-064b202de5c7','45vM0Sqh','Skip',NULL,'Bontrager','rotund_izek@yahoo.co.uk','female','+23293974009','564 Mothershed Mill','2017-03-13','https://robohash.org/xwtfLLCkJ-T7-dPP1g3TO','enrolled','97df6fcd-7481-496d-fd33-24270930bd49','67f35190-e62b-4f5d-d1b7-3a0fb364f042','2021-06-03','2025-05-25 10:56:32','2025-10-06 14:58:27');
INSERT INTO students VALUES('596938a3-763d-4ccf-e57d-ce3bd26b7ba0','46csetiVmEE','Brylie',NULL,'Lemos','resentful_malayah@yahoo.com','female','+23294960534','347 Andre Wells','2019-06-16','https://robohash.org/xwtfLLCkJ-T7-dPP1g3TO','enrolled','1b2b6242-410c-4970-2df8-ec32dc62337d','67f35190-e62b-4f5d-d1b7-3a0fb364f042','2019-11-02','2022-07-12 15:16:40','2025-10-06 14:58:27');
INSERT INTO students VALUES('21369ca8-d7af-48b7-e749-a9af164019bd','475gRco','Ahmir',NULL,'Erikson','concerted_stanton@yahoo.fr','male','+23296658629','403 Chenoa Divide','2016-01-11','https://robohash.org/xwtfLLCkJ-T7-dPP1g3TO','enrolled','3e64a859-3b69-460f-37dc-e8d5ba04865c','67f35190-e62b-4f5d-d1b7-3a0fb364f042','2018-09-27','2026-01-28 08:31:26','2025-10-06 14:58:27');
INSERT INTO students VALUES('6de02f38-7310-47dc-4ac9-1e9b4293b237','48Rjx0UEsx','Latonya',NULL,'Cima','absurd_jaelene@ymail.com','female','+23278491530','904 Fenderson Views','2017-02-20','https://robohash.org/xwtfLLCkJ-T7-dPP1g3TO','enrolled','1b2b6242-410c-4970-2df8-ec32dc62337d','01659b20-3314-4d08-9f85-8b537fadc04a','2018-06-05','2024-06-02 11:23:18','2025-10-06 14:58:27');
INSERT INTO students VALUES('537b71f7-875d-4c40-cdad-8ca06a9787d1','49jWHjlcvex','Asiyah',NULL,'Emerich','peremptory_robley@hotmail.com','male','+23276044673','698 Jannelle Courts','2019-09-27','https://robohash.org/xwtfLLCkJ-T7-dPP1g3TO','enrolled','97df6fcd-7481-496d-fd33-24270930bd49','67f35190-e62b-4f5d-d1b7-3a0fb364f042','2021-10-19','2025-02-25 10:15:43','2025-10-06 14:58:27');
INSERT INTO students VALUES('d462a4e6-9a0e-437f-8168-92d32adb2663','4areEB5srk4C','Ginnie',NULL,'Kriger','ravenous_lianny@comcast.net','male','+23294953170','106 Tonjua Harbors','2017-12-30','https://robohash.org/xwtfLLCkJ-T7-dPP1g3TO','enrolled','1b2b6242-410c-4970-2df8-ec32dc62337d','77f8ed83-f3fa-4a58-40f9-a60850b9ee16','2022-05-20','2025-07-29 23:41:57','2025-10-06 14:58:27');
INSERT INTO students VALUES('09501a5b-6292-455d-16a0-8b111f9eaf6b','4chpqkeTrthre','Dalonte',NULL,'Lick','ravenous_skyelar@rediffmail.com','male','+23275490463','677 Hanneman Junction','2017-02-15','https://robohash.org/xwtfLLCkJ-T7-dPP1g3TO','enrolled','584022c9-6a39-4eaf-d170-6b2c0fa4edea','ae0c31f6-0263-4584-1482-a7f36fc6c9c8','2025-03-17','2023-06-07 18:17:19','2025-10-06 14:58:27');
INSERT INTO students VALUES('14a3d8c9-c8f0-45b5-f573-f8d21567bb23','4eKqmqSUgjR8GU','Tyrin',NULL,'Coonan','routine_mahika@rediffmail.com','male','+23294923833','754 Kobi Rest','2020-05-28','https://robohash.org/xwtfLLCkJ-T7-dPP1g3TO','enrolled','3e64a859-3b69-460f-37dc-e8d5ba04865c','2c72c32a-933e-44dc-424f-a2879b0211ec','2019-12-04','2023-09-11 01:06:24','2025-10-06 14:58:27');
INSERT INTO students VALUES('58a1a091-7004-4cdd-0589-a69080e9b2e6','4fXoLNK','Robinette',NULL,'Ey','rotund_anthoney@orange.fr','female','+23296803392','801 Johnell Creek','2021-08-01','https://robohash.org/xwtfLLCkJ-T7-dPP1g3TO','enrolled','3e64a859-3b69-460f-37dc-e8d5ba04865c','77f8ed83-f3fa-4a58-40f9-a60850b9ee16','2023-05-06','2025-10-21 05:43:46','2025-10-06 14:58:27');
INSERT INTO students VALUES('1dba90b0-e569-4549-af28-a693c1eeef64','50YlqirEQwiGxOfQ','Aanchal',NULL,'Zanca','photographic_lattie@wanadoo.fr','female','+23273544624','117 Alaina Route','2022-08-15','https://robohash.org/xwtfLLCkJ-T7-dPP1g3TO','enrolled','a71ea38f-0e35-4bff-0b23-a673abff24d1','77f8ed83-f3fa-4a58-40f9-a60850b9ee16','2024-09-02','2023-02-03 07:39:19','2025-10-06 14:58:27');
INSERT INTO students VALUES('4af4ad1f-bfd6-494f-5223-7598c8345be1','51hJ4sjE9OL2t','Milana',NULL,'Szuba','ravenous_lanai@yahoo.fr','female','+23288052060','524 Hockey Centers','2020-05-18','https://robohash.org/xwtfLLCkJ-T7-dPP1g3TO','enrolled','97df6fcd-7481-496d-fd33-24270930bd49','af8a58f2-ca84-4337-db97-77df4478fa0c','2023-01-26','2024-03-16 23:57:01','2025-10-06 14:58:27');
INSERT INTO students VALUES('512a7f02-4091-4020-e653-398cdce7aaa2','53lz7AaZz','Carolanne',NULL,'Schlott','pitiful_lia@hotmail.co.uk','male','+23274961519','590 Falvo Corner','2021-11-30','https://robohash.org/xwtfLLCkJ-T7-dPP1g3TO','enrolled','a71ea38f-0e35-4bff-0b23-a673abff24d1','3599c6cc-900e-4185-1586-a9d7dddc6c08','2022-12-28','2023-10-12 06:13:11','2025-10-06 14:58:27');
INSERT INTO students VALUES('a9e81ef3-95c6-4a62-8715-d40beb63626e','54YELbrvX','Ayinde',NULL,'Fells','pathetic_rayden@yahoo.co.in','female','+23247377377','401 Lurie Corner','2016-04-04','https://robohash.org/xwtfLLCkJ-T7-dPP1g3TO','enrolled','3e64a859-3b69-460f-37dc-e8d5ba04865c','c1789cf6-0546-4a3a-7099-23fb59a8c0c6','2018-07-13','2022-11-21 15:29:52','2025-10-06 14:58:27');
INSERT INTO students VALUES('4db4b4ca-d898-4ad2-8e4c-1752a89dc58d','55EX3HRdxpynQ6','Sona',NULL,'Melby','peculiar_shamaria@live.com','female','+23277816130','828 Moors Ways','2017-10-22','https://robohash.org/xwtfLLCkJ-T7-dPP1g3TO','enrolled','a71ea38f-0e35-4bff-0b23-a673abff24d1','af8a58f2-ca84-4337-db97-77df4478fa0c','2022-06-28','2024-07-04 08:40:17','2025-10-06 14:58:27');
INSERT INTO students VALUES('4f649013-0c41-4212-fb02-cc026b68e540','56VDMCs7L','Kurstin',NULL,'Hallowell','reserved_mckynlee@gmx.de','female','+23294363404','958 Henao Fall','2022-01-12','https://robohash.org/xwtfLLCkJ-T7-dPP1g3TO','enrolled','584022c9-6a39-4eaf-d170-6b2c0fa4edea','3599c6cc-900e-4185-1586-a9d7dddc6c08','2023-06-06','2022-05-19 20:35:34','2025-10-06 14:58:27');
INSERT INTO students VALUES('dbbd3cdb-3c36-4563-d5ec-70bbb809f028','57FSEAfJIMmhPg9','Abril',NULL,'Judkins','residual_urijah@comcast.net','male','+23284855485','806 Armes Valleys','2019-06-08','https://robohash.org/xwtfLLCkJ-T7-dPP1g3TO','enrolled','3e64a859-3b69-460f-37dc-e8d5ba04865c','01659b20-3314-4d08-9f85-8b537fadc04a','2024-03-20','2023-02-18 14:31:34','2025-10-06 14:58:27');
INSERT INTO students VALUES('9cd9c1aa-ba2b-4ca1-9ecc-9da6fc6d3bed','58JqGww0vO','Sandro',NULL,'Pileggi','routine_rafat@yahoo.com','male','+23201086581','713 Weseman Parkway','2019-10-04','https://robohash.org/xwtfLLCkJ-T7-dPP1g3TO','enrolled','3e64a859-3b69-460f-37dc-e8d5ba04865c','af8a58f2-ca84-4337-db97-77df4478fa0c','2019-03-27','2024-04-04 13:38:39','2025-10-06 14:58:27');
INSERT INTO students VALUES('306457ff-ecaa-424a-8e98-508f6bc7ebf7','59Pxezk32HqSuK','Kavir',NULL,'Fate','ravenous_elyce@live.com','female','+23278491749','580 Saysha Gardens','2015-08-17','https://robohash.org/xwtfLLCkJ-T7-dPP1g3TO','enrolled','584022c9-6a39-4eaf-d170-6b2c0fa4edea','67f35190-e62b-4f5d-d1b7-3a0fb364f042','2022-01-11','2023-09-08 10:39:54','2025-10-06 14:58:27');
INSERT INTO students VALUES('43e36989-67c4-492a-1537-3d091df1b0f0','5bGHRYQR2','Tobey',NULL,'Depalma','ritzy_cecille@comcast.net','male','+23294365790','250 Kamrie Freeway','2020-06-01','https://robohash.org/xwtfLLCkJ-T7-dPP1g3TO','enrolled','a71ea38f-0e35-4bff-0b23-a673abff24d1','67f35190-e62b-4f5d-d1b7-3a0fb364f042','2018-03-11','2023-04-13 17:00:47','2025-10-06 14:58:27');
INSERT INTO students VALUES('29080f6e-ccbb-4e89-c263-2163d091002a','5cp8pIQSb4c','Lizett',NULL,'Baray','beeping_parke@wanadoo.fr','female','+23294923456','754 Armany Manor','2015-04-04','https://robohash.org/xwtfLLCkJ-T7-dPP1g3TO','enrolled','3e64a859-3b69-460f-37dc-e8d5ba04865c','3599c6cc-900e-4185-1586-a9d7dddc6c08','2019-08-17','2024-04-16 22:13:27','2025-10-06 14:58:27');
INSERT INTO students VALUES('0475cdd6-7815-4c57-d590-5c6c8d98892e','5dHhrVb9o','Husna',NULL,'Simien','rotting_fraida@yahoo.com','male','+23294961044','668 Brazie Union','2019-06-30','https://robohash.org/xwtfLLCkJ-T7-dPP1g3TO','enrolled','584022c9-6a39-4eaf-d170-6b2c0fa4edea','77f8ed83-f3fa-4a58-40f9-a60850b9ee16','2019-07-04','2024-11-24 21:55:21','2025-10-06 14:58:27');
INSERT INTO students VALUES('2514b458-7237-4e71-be62-d64ee6a82197','5eibHE4','Rainell',NULL,'Georgi','ravenous_adhara@yahoo.co.uk','male','+23288033655','939 Zubair Grove','2015-06-07','https://robohash.org/xwtfLLCkJ-T7-dPP1g3TO','enrolled','3e64a859-3b69-460f-37dc-e8d5ba04865c','c1789cf6-0546-4a3a-7099-23fb59a8c0c6','2019-10-05','2023-12-11 17:49:30','2025-10-06 14:58:27');
INSERT INTO students VALUES('90311dff-0263-42f7-521c-0f7ae77523fe','5fP9bHy1mZUX8','Taiyo',NULL,'Methvin','petulant_dayvion@yahoo.co.in','female','+23296191215','38 Sintia Crest','2022-07-24','https://robohash.org/xwtfLLCkJ-T7-dPP1g3TO','enrolled','97df6fcd-7481-496d-fd33-24270930bd49','af8a58f2-ca84-4337-db97-77df4478fa0c','2024-04-24','2023-10-16 07:27:13','2025-10-06 14:58:27');
INSERT INTO students VALUES('70a309e1-febd-4883-b2e2-bfe5bb582297','61eqneWt9p09P','Esa',NULL,'Kuc','phobic_zakiya@hotmail.fr','female','+23200917456','602 Steyer Pine','2021-06-15','https://robohash.org/xwtfLLCkJ-T7-dPP1g3TO','enrolled','a71ea38f-0e35-4bff-0b23-a673abff24d1','3599c6cc-900e-4185-1586-a9d7dddc6c08','2023-06-21','2024-10-12 20:04:45','2025-10-06 14:58:27');
INSERT INTO students VALUES('c69e510d-1b95-4560-616c-50e919a9ee13','62b8o0DWUXjCxMjheC','Sebastiana',NULL,'Bonin','repetitious_jahmiere@yahoo.com','female','+23294967234','853 Carra Rue','2019-10-12','https://robohash.org/xwtfLLCkJ-T7-dPP1g3TO','enrolled','a71ea38f-0e35-4bff-0b23-a673abff24d1','77f8ed83-f3fa-4a58-40f9-a60850b9ee16','2020-11-14','2025-09-08 22:25:50','2025-10-06 14:58:27');
INSERT INTO students VALUES('a2cb11a7-809a-476a-f120-8d65809369f9','6304IchJke7aN','Jamiah',NULL,'Benninghoff','routine_sheya@hotmail.com','male','+23278837417','107 Seley Estates','2015-10-30','https://robohash.org/xwtfLLCkJ-T7-dPP1g3TO','enrolled','97df6fcd-7481-496d-fd33-24270930bd49','c1789cf6-0546-4a3a-7099-23fb59a8c0c6','2023-08-31','2025-09-02 17:53:36','2025-10-06 14:58:27');
INSERT INTO students VALUES('91916df3-595c-4fa5-02f4-43d6225a71f4','64XvuAgPVCC','Alysandra',NULL,'Lennard','ravenous_marigold@gmx.de','female','+23200011889','589 Guilbeau Crossroad','2020-03-03','https://robohash.org/xwtfLLCkJ-T7-dPP1g3TO','enrolled','3e64a859-3b69-460f-37dc-e8d5ba04865c','2c72c32a-933e-44dc-424f-a2879b0211ec','2021-01-16','2022-10-03 11:50:33','2025-10-06 14:58:27');
INSERT INTO students VALUES('0c2117ab-fc27-4f21-9383-ead329ad58e7','65GKDsy','Nicholai',NULL,'Dierolf','ravenous_arlisa@free.fr','female','+23277343321','59 Radha Gateway','2016-08-12','https://robohash.org/xwtfLLCkJ-T7-dPP1g3TO','enrolled','1b2b6242-410c-4970-2df8-ec32dc62337d','3599c6cc-900e-4185-1586-a9d7dddc6c08','2023-11-12','2025-09-19 03:20:46','2025-10-06 14:58:27');
INSERT INTO students VALUES('21d73299-55ec-4ef3-6c77-32343769e3dc','66pZsyYX4lPUfDm','Kaedon',NULL,'Rendon','ravenous_lindzy@yahoo.fr','male','+23296403601','858 Sara Valley','2022-02-20','https://robohash.org/xwtfLLCkJ-T7-dPP1g3TO','enrolled','97df6fcd-7481-496d-fd33-24270930bd49','01659b20-3314-4d08-9f85-8b537fadc04a','2019-03-23','2026-04-22 19:19:37','2025-10-06 14:58:27');
INSERT INTO students VALUES('c8355eed-58e9-4d5b-041b-3e1568d0bec4','67AkutM1Rl1zEp','Meosha',NULL,'Tierce','pathetic_bryanah@live.com','female','+23278492074','752 Scriver Throughway','2020-03-20','https://robohash.org/xwtfLLCkJ-T7-dPP1g3TO','enrolled','97df6fcd-7481-496d-fd33-24270930bd49','67f35190-e62b-4f5d-d1b7-3a0fb364f042','2019-10-26','2023-07-20 08:28:51','2025-10-06 14:58:27');
INSERT INTO students VALUES('fe2bed42-1593-4c09-74f8-0d99bbf34d64','69rW3PV','Linzie',NULL,'Morabito','regrettable_erna@hotmail.com','male','+23200503521','783 Martinjr Trace','2016-10-24','https://robohash.org/xwtfLLCkJ-T7-dPP1g3TO','enrolled','97df6fcd-7481-496d-fd33-24270930bd49','af8a58f2-ca84-4337-db97-77df4478fa0c','2022-05-31','2025-06-11 16:10:37','2025-10-06 14:58:27');
INSERT INTO students VALUES('504c928d-b566-436d-4d60-b6b828c07c92','6bVCOcvQD2L','Porscha',NULL,'Pakula','ravenous_benigna@libero.it','male','+23278491553','936 Giannina Forge','2020-10-07','https://robohash.org/xwtfLLCkJ-T7-dPP1g3TO','enrolled','97df6fcd-7481-496d-fd33-24270930bd49','01659b20-3314-4d08-9f85-8b537fadc04a','2024-10-15','2024-08-12 02:35:46','2025-10-06 14:58:27');
INSERT INTO students VALUES('0821e88c-4476-4bf0-05df-4a3b92178921','6cG9pchN0Fme92YUG','Alvera',NULL,'Northern','peaceable_tristin@rediffmail.com','female','+23273096297','433 Trenidad Junctions','2022-01-11','https://robohash.org/xwtfLLCkJ-T7-dPP1g3TO','enrolled','3e64a859-3b69-460f-37dc-e8d5ba04865c','67f35190-e62b-4f5d-d1b7-3a0fb364f042','2019-12-28','2025-07-24 04:10:23','2025-10-06 14:58:27');
INSERT INTO students VALUES('9180afe3-97cc-4b89-aeb6-e23d6029e9f0','6dSVHByOeP5axrOMXF','Prentiss',NULL,'Sudano','pumped_aleya@yahoo.com','male','+23294816356','97 Houston Road','2021-10-17','https://robohash.org/xwtfLLCkJ-T7-dPP1g3TO','enrolled','1b2b6242-410c-4970-2df8-ec32dc62337d','67f35190-e62b-4f5d-d1b7-3a0fb364f042','2024-11-04','2025-07-30 23:45:31','2025-10-06 14:58:27');
INSERT INTO students VALUES('3bd9fd18-0102-491c-da99-819098ad9221','6ewwAAcmMsT','Alfonse',NULL,'Luedke','swishing_claritza@ymail.com','male','+23294957699','506 Bullen Center','2015-08-01','https://robohash.org/xwtfLLCkJ-T7-dPP1g3TO','enrolled','97df6fcd-7481-496d-fd33-24270930bd49','01659b20-3314-4d08-9f85-8b537fadc04a','2024-07-07','2026-02-04 08:31:52','2025-10-06 14:58:27');
INSERT INTO students VALUES('87514f0a-dcc9-4780-c1ed-eb1dd723af2e','6fY8XWZHxiP','Bryceson',NULL,'Mones','reproductive_eliceo@yahoo.co.in','female','+23201486316','610 Lawhorne Points','2020-06-02','https://robohash.org/xwtfLLCkJ-T7-dPP1g3TO','enrolled','3e64a859-3b69-460f-37dc-e8d5ba04865c','67f35190-e62b-4f5d-d1b7-3a0fb364f042','2025-03-10','2024-09-22 21:47:26','2025-10-06 14:58:27');
INSERT INTO students VALUES('18b00e15-d2c8-4aaf-b68c-3b37fd68e2a8','70Q5DZgxP4HS26Bt','Anette',NULL,'Straley','peremptory_tahmid@orange.fr','female','+23294932937','65 Mikeila Lights','2022-09-23','https://robohash.org/xwtfLLCkJ-T7-dPP1g3TO','enrolled','a71ea38f-0e35-4bff-0b23-a673abff24d1','af8a58f2-ca84-4337-db97-77df4478fa0c','2019-10-19','2026-03-12 12:27:53','2025-10-06 14:58:27');
INSERT INTO students VALUES('33dc0189-b21a-4443-f864-1b43fa9c262d','71zJ0mejjuv0U4iPG5','Keylie',NULL,'Kallman','philanthropic_tahnee@free.fr','female','+23222617878','218 Barnier Cape','2017-04-22','https://robohash.org/xwtfLLCkJ-T7-dPP1g3TO','enrolled','584022c9-6a39-4eaf-d170-6b2c0fa4edea','ae0c31f6-0263-4584-1482-a7f36fc6c9c8','2024-05-30','2023-01-17 14:01:47','2025-10-06 14:58:27');
INSERT INTO students VALUES('98220956-c8a3-436d-6158-a0683d1ed999','72Zy4kEapSSiZzto','Iban',NULL,'Pozzi','pathetic_evey@libero.it','female','+23296940979','257 Jc Cliff','2017-11-01','https://robohash.org/xwtfLLCkJ-T7-dPP1g3TO','enrolled','97df6fcd-7481-496d-fd33-24270930bd49','2c72c32a-933e-44dc-424f-a2879b0211ec','2020-01-11','2025-04-19 03:27:37','2025-10-06 14:58:27');
INSERT INTO students VALUES('80791be9-fc98-43c7-64b4-803dd00796cc','73akA2s1vtDKNB3l6v','Channelle',NULL,'Saefong','ravenous_ramata@gmail.com','female','+23200710934','473 Kelsie Path','2018-06-26','https://robohash.org/xwtfLLCkJ-T7-dPP1g3TO','enrolled','3e64a859-3b69-460f-37dc-e8d5ba04865c','af8a58f2-ca84-4337-db97-77df4478fa0c','2018-09-21','2025-04-28 11:53:14','2025-10-06 14:58:27');
INSERT INTO students VALUES('1f700d55-8a09-422a-b959-473fdc557dcb','74oZe52e9IqKgr6','Todrick',NULL,'Koepsell','ravenous_keneisha@comcast.net','male','+23294809921','232 Pokorski Valleys','2016-08-24','https://robohash.org/xwtfLLCkJ-T7-dPP1g3TO','enrolled','97df6fcd-7481-496d-fd33-24270930bd49','2c72c32a-933e-44dc-424f-a2879b0211ec','2022-09-21','2024-02-16 15:30:15','2025-10-06 14:58:27');
INSERT INTO students VALUES('01a7616a-0f49-4519-2bd6-58d6cecc2493','75bNnHxzW3pgFHea','Fuquan',NULL,'Neiderer','perceptive_theodora@aol.com','male','+23216180332','828 Jurnee Vista','2015-05-25','https://robohash.org/xwtfLLCkJ-T7-dPP1g3TO','enrolled','584022c9-6a39-4eaf-d170-6b2c0fa4edea','67f35190-e62b-4f5d-d1b7-3a0fb364f042','2023-04-16','2025-10-24 16:27:28','2025-10-06 14:58:27');
INSERT INTO students VALUES('3b7b99cb-b245-4a85-dbf2-91465acc464a','76veOP8klB4E','Henoch',NULL,'Keeble','routine_javel@live.com','male','+23279190477','156 Sulek Mission','2021-02-07','https://robohash.org/xwtfLLCkJ-T7-dPP1g3TO','enrolled','97df6fcd-7481-496d-fd33-24270930bd49','77f8ed83-f3fa-4a58-40f9-a60850b9ee16','2021-06-02','2024-01-17 08:33:17','2025-10-06 14:58:27');
INSERT INTO students VALUES('74d1634a-b7c9-4ce5-772b-173591a5c927','77dMSPnP','Ellanore',NULL,'Brienza','routine_thayer@live.com','male','+23201484458','976 Claire Crest','2017-01-28','https://robohash.org/xwtfLLCkJ-T7-dPP1g3TO','enrolled','a71ea38f-0e35-4bff-0b23-a673abff24d1','c1789cf6-0546-4a3a-7099-23fb59a8c0c6','2023-07-19','2025-09-05 18:44:13','2025-10-06 14:58:27');
INSERT INTO students VALUES('a512a77e-9ba0-422e-7222-5feffa55073f','78KK7HUZyUOz','Emir',NULL,'Peal','pink_jakeem@ymail.com','male','+23276309025','460 Buzek Vista','2016-02-09','https://robohash.org/xwtfLLCkJ-T7-dPP1g3TO','enrolled','584022c9-6a39-4eaf-d170-6b2c0fa4edea','7654844e-e961-499f-c0aa-609b48f7bf9f','2021-01-04','2024-09-03 08:33:08','2025-10-06 14:58:27');
INSERT INTO students VALUES('6e5be5b4-b71a-4adb-8260-2118d0082b0c','79lo4lBh2ErsCUCD','Janasia',NULL,'Moorefield','ravenous_kalifa@yahoo.fr','male','+23288177809','828 Alicia Parks','2018-02-26','https://robohash.org/xwtfLLCkJ-T7-dPP1g3TO','enrolled','584022c9-6a39-4eaf-d170-6b2c0fa4edea','01659b20-3314-4d08-9f85-8b537fadc04a','2019-06-13','2025-01-24 04:32:39','2025-10-06 14:58:27');
INSERT INTO students VALUES('c69f0473-e78d-4830-7936-f25d0b2f3878','7aoBPHBr','Corlis',NULL,'Abdul','polite_kimbella@gmx.de','male','+23294816397','708 Fredericks Viaduct','2016-04-14','https://robohash.org/xwtfLLCkJ-T7-dPP1g3TO','enrolled','584022c9-6a39-4eaf-d170-6b2c0fa4edea','c1789cf6-0546-4a3a-7099-23fb59a8c0c6','2020-07-22','2024-07-09 23:01:37','2025-10-06 14:58:27');
INSERT INTO students VALUES('70a7f482-884d-48a5-16b7-c5fc710592e1','7bFEKgtMNo','Shellia',NULL,'Crosland','ravenous_larina@comcast.net','male','+23288199842','923 Elray Gateway','2017-10-15','https://robohash.org/xwtfLLCkJ-T7-dPP1g3TO','enrolled','3e64a859-3b69-460f-37dc-e8d5ba04865c','2c72c32a-933e-44dc-424f-a2879b0211ec','2023-04-04','2024-10-23 03:13:24','2025-10-06 14:58:27');
INSERT INTO students VALUES('db96b5b7-72c4-4bf6-640d-6ceeed91c33b','7cjgKebCs','Shianna',NULL,'Hardisty','peaceable_hayze@hotmail.com','male','+23201110381','812 Franchelle Field','2021-07-08','https://robohash.org/xwtfLLCkJ-T7-dPP1g3TO','enrolled','584022c9-6a39-4eaf-d170-6b2c0fa4edea','67f35190-e62b-4f5d-d1b7-3a0fb364f042','2019-08-04','2023-02-18 02:18:01','2025-10-06 14:58:27');
INSERT INTO students VALUES('ce3474fb-93cb-4f58-f895-870e162615b1','7dCr6fmADx','Fredi',NULL,'Bena','public_yelissa@orange.fr','male','+23296358397','736 Corse Route','2021-05-17','https://robohash.org/xwtfLLCkJ-T7-dPP1g3TO','enrolled','97df6fcd-7481-496d-fd33-24270930bd49','ae0c31f6-0263-4584-1482-a7f36fc6c9c8','2022-01-25','2024-01-29 16:56:58','2025-10-06 14:58:27');
INSERT INTO students VALUES('4bf8c14d-bf0e-4939-2611-e29a04f237e8','7exxX2eI4E','Haidi',NULL,'Sebren','ravenous_krisalyn@orange.fr','female','+23201118340','442 Corinn Loop','2022-03-24','https://robohash.org/xwtfLLCkJ-T7-dPP1g3TO','enrolled','3e64a859-3b69-460f-37dc-e8d5ba04865c','c1789cf6-0546-4a3a-7099-23fb59a8c0c6','2025-07-25','2024-10-10 18:58:56','2025-10-06 14:58:27');
INSERT INTO students VALUES('daffe384-3e5b-446f-b0d3-d471cabe3186','7f4Ub1x9dKPkfU','Pranav',NULL,'Packer','salvageable_ariston@yahoo.com','female','+23279418266','410 Selso Drives','2016-07-28','https://robohash.org/xwtfLLCkJ-T7-dPP1g3TO','enrolled','a71ea38f-0e35-4bff-0b23-a673abff24d1','77f8ed83-f3fa-4a58-40f9-a60850b9ee16','2024-08-11','2024-06-24 17:04:27','2025-10-06 14:58:27');
INSERT INTO students VALUES('9a0bd100-32a6-4a4a-ebd3-d97be9f28cb1','80SmCONV4xsOYC','Jaydn',NULL,'Tarallo','phonetic_nazir@yahoo.com.br','male','+23278491521','192 Seidel Road','2019-01-28','https://robohash.org/xwtfLLCkJ-T7-dPP1g3TO','enrolled','584022c9-6a39-4eaf-d170-6b2c0fa4edea','c1789cf6-0546-4a3a-7099-23fb59a8c0c6','2018-08-12','2024-11-14 11:19:27','2025-10-06 14:58:27');
INSERT INTO students VALUES('b53a3383-1821-485d-98a6-3cb2acbf5bde','81y6IcdU2K8BN','Mondo',NULL,'Hagood','peaceable_salbador@hotmail.com','male','+23288032809','159 Coor Way','2018-06-30','https://robohash.org/xwtfLLCkJ-T7-dPP1g3TO','enrolled','1b2b6242-410c-4970-2df8-ec32dc62337d','2c72c32a-933e-44dc-424f-a2879b0211ec','2022-09-13','2025-09-09 17:13:26','2025-10-06 14:58:27');
INSERT INTO students VALUES('a51eadc1-c1e0-4040-1fd3-cf3cba909eb5','82ef3iTe','Lenny',NULL,'Burrous','ravenous_rosalin@yahoo.com','female','+23201111263','235 Gilligan Field','2015-12-18','https://robohash.org/xwtfLLCkJ-T7-dPP1g3TO','enrolled','a71ea38f-0e35-4bff-0b23-a673abff24d1','2c72c32a-933e-44dc-424f-a2879b0211ec','2024-05-21','2024-02-14 21:12:57','2025-10-06 14:58:27');
INSERT INTO students VALUES('cb9aa629-92be-4d36-3fbd-cb429d60dd6e','83B3Uq4O62Hxbj','Quinton',NULL,'Ben','resentful_torry@orange.fr','male','+23288032732','469 Yuliet Green','2020-11-13','https://robohash.org/xwtfLLCkJ-T7-dPP1g3TO','enrolled','3e64a859-3b69-460f-37dc-e8d5ba04865c','ae0c31f6-0263-4584-1482-a7f36fc6c9c8','2020-05-15','2022-08-30 16:26:41','2025-10-06 14:58:27');
INSERT INTO students VALUES('7dad11cb-1b3e-4728-9ee5-2b6cd7a9310e','84lxA1de','Anyelin',NULL,'Dahms','ravenous_mishel@outlook.com','female','+23294810041','512 Hattaway Mountains','2016-04-11','https://robohash.org/xwtfLLCkJ-T7-dPP1g3TO','enrolled','1b2b6242-410c-4970-2df8-ec32dc62337d','67f35190-e62b-4f5d-d1b7-3a0fb364f042','2019-05-19','2024-10-30 03:25:21','2025-10-06 14:58:27');
INSERT INTO students VALUES('a48c0333-7e92-4bc1-4d88-a225d9b934e7','854q8yRWO','Holiday',NULL,'Reierson','residual_allizon@comcast.net','female','+23294960544','965 Hattery Center','2021-02-25','https://robohash.org/xwtfLLCkJ-T7-dPP1g3TO','enrolled','97df6fcd-7481-496d-fd33-24270930bd49','2c72c32a-933e-44dc-424f-a2879b0211ec','2018-05-25','2022-09-30 22:57:41','2025-10-06 14:58:27');
INSERT INTO students VALUES('c8a506ea-aad2-4216-7656-16817383a382','86gWBakKVD9VA5b','Taro',NULL,'Trentham','peremptory_areli@orange.fr','female','+23294954510','852 Kilcrease Mills','2018-03-09','https://robohash.org/xwtfLLCkJ-T7-dPP1g3TO','enrolled','1b2b6242-410c-4970-2df8-ec32dc62337d','3599c6cc-900e-4185-1586-a9d7dddc6c08','2023-10-29','2024-09-06 23:48:17','2025-10-06 14:58:27');
INSERT INTO students VALUES('9efa7311-89d0-454a-277d-e9d24f464123','879H9nVRg','Davide',NULL,'Hubbert','resentful_houa@gmx.de','female','+23281763786','414 Kronk Cape','2014-12-15','https://robohash.org/xwtfLLCkJ-T7-dPP1g3TO','enrolled','3e64a859-3b69-460f-37dc-e8d5ba04865c','2c72c32a-933e-44dc-424f-a2879b0211ec','2024-07-06','2023-11-20 14:50:35','2025-10-06 14:58:27');
INSERT INTO students VALUES('5c858fd5-40fb-4322-74e2-52bcc020c4b0','889KDKvE9P4','Lenord',NULL,'Fontanilla','reserved_reynalda@yahoo.co.uk','female','+23294921897','757 Aunika Viaduct','2022-06-03','https://robohash.org/xwtfLLCkJ-T7-dPP1g3TO','enrolled','1b2b6242-410c-4970-2df8-ec32dc62337d','77f8ed83-f3fa-4a58-40f9-a60850b9ee16','2019-05-21','2025-11-02 16:36:57','2025-10-06 14:58:27');
INSERT INTO students VALUES('ac46e577-068c-4d8c-b36c-1af7f3efba45','89pS1PESizi398','Markisha',NULL,'Taussig','ravenous_alzina@rediffmail.com','female','+23237571458','461 Gonsalves Mount','2020-03-10','https://robohash.org/xwtfLLCkJ-T7-dPP1g3TO','enrolled','3e64a859-3b69-460f-37dc-e8d5ba04865c','ae0c31f6-0263-4584-1482-a7f36fc6c9c8','2020-08-08','2023-12-28 06:59:11','2025-10-06 14:58:27');
INSERT INTO students VALUES('cf808c8f-2e25-4383-da29-89f6e4e1688e','8a5ES0asa91VV','Peterson',NULL,'Meath','residual_merary@yahoo.co.uk','male','+23288047365','211 Tran Parkways','2020-02-07','https://robohash.org/xwtfLLCkJ-T7-dPP1g3TO','enrolled','97df6fcd-7481-496d-fd33-24270930bd49','2c72c32a-933e-44dc-424f-a2879b0211ec','2022-05-12','2025-10-16 02:31:50','2025-10-06 14:58:27');
INSERT INTO students VALUES('1b945299-d5da-4eab-3b4a-cfd5c9d9c7d2','8btP961','Lekendrick',NULL,'Plucinski','ravenous_quetzal@ymail.com','female','+23234647481','789 Zettler Lock','2021-03-08','https://robohash.org/xwtfLLCkJ-T7-dPP1g3TO','enrolled','584022c9-6a39-4eaf-d170-6b2c0fa4edea','7654844e-e961-499f-c0aa-609b48f7bf9f','2021-06-02','2023-05-02 04:46:45','2025-10-06 14:58:27');
INSERT INTO students VALUES('2c951301-1fe0-43cb-cbf3-a266865f2d4b','8cBggAo0JEw23','Cherita',NULL,'Ryno','pivotal_limayri@ymail.com','male','+23294373018','139 Ahmiyah Rue','2015-10-14','https://robohash.org/xwtfLLCkJ-T7-dPP1g3TO','enrolled','1b2b6242-410c-4970-2df8-ec32dc62337d','2c72c32a-933e-44dc-424f-a2879b0211ec','2020-05-08','2024-05-28 16:04:49','2025-10-06 14:58:27');
INSERT INTO students VALUES('f130ec0b-8af5-4657-7abb-5885d0d90b89','8dB245fzE5Y0Za','Donnabelle',NULL,'Hulme','resident_adelie@yahoo.com','male','+23296358585','831 Tatevik Viaduct','2018-02-25','https://robohash.org/xwtfLLCkJ-T7-dPP1g3TO','enrolled','3e64a859-3b69-460f-37dc-e8d5ba04865c','ae0c31f6-0263-4584-1482-a7f36fc6c9c8','2024-05-05','2023-03-07 18:05:56','2025-10-06 14:58:27');
INSERT INTO students VALUES('fc9b22ef-34c4-4af5-1dc0-2a22543092bf','8e0GXMdfs69sx2pp9','Shamari',NULL,'Arnaud','routine_kedwin@gmail.com','female','+23294810025','207 Geno Loop','2022-04-10','https://robohash.org/xwtfLLCkJ-T7-dPP1g3TO','enrolled','3e64a859-3b69-460f-37dc-e8d5ba04865c','ae0c31f6-0263-4584-1482-a7f36fc6c9c8','2021-07-16','2022-12-08 20:48:53','2025-10-06 14:58:27');
INSERT INTO students VALUES('f7e84779-7cd7-4fee-f780-109efdb47d8a','8f73TpRwXw','Gurman',NULL,'Denicola','routine_cherylene@yahoo.com.br','male','+23294813396','209 Mcelreath Shores','2021-10-11','https://robohash.org/xwtfLLCkJ-T7-dPP1g3TO','enrolled','1b2b6242-410c-4970-2df8-ec32dc62337d','2c72c32a-933e-44dc-424f-a2879b0211ec','2021-07-31','2026-01-24 16:05:19','2025-10-06 14:58:27');
INSERT INTO students VALUES('ad101acd-8130-47a6-0099-555d264470cc','90V9HIbuH','Daelin',NULL,'Nordberg','pitiless_aashna@hotmail.com','male','+23296155247','94 Corro Pine','2017-02-06','https://robohash.org/xwtfLLCkJ-T7-dPP1g3TO','enrolled','a71ea38f-0e35-4bff-0b23-a673abff24d1','01659b20-3314-4d08-9f85-8b537fadc04a','2021-01-19','2023-09-29 15:32:34','2025-10-06 14:58:27');
INSERT INTO students VALUES('4eafd4b1-293d-452d-fc57-40af68634954','91A1IFRVhwa','Kobey',NULL,'Abner','ravenous_charlotta@yahoo.fr','female','+23257394489','111 Lavoris Tunnel','2014-11-20','https://robohash.org/xwtfLLCkJ-T7-dPP1g3TO','enrolled','97df6fcd-7481-496d-fd33-24270930bd49','ae0c31f6-0263-4584-1482-a7f36fc6c9c8','2025-08-22','2025-03-06 01:35:07','2025-10-06 14:58:27');
INSERT INTO students VALUES('7488ea81-a8d6-4da0-81fd-e64cb0ec17d7','925w45CTkh','Garrin',NULL,'Rychlik','patriotic_antoniodejesus@comcast.net','female','+23230402571','940 Joei Pines','2021-05-25','https://robohash.org/xwtfLLCkJ-T7-dPP1g3TO','enrolled','a71ea38f-0e35-4bff-0b23-a673abff24d1','77f8ed83-f3fa-4a58-40f9-a60850b9ee16','2019-11-03','2024-10-30 03:06:43','2025-10-06 14:58:27');
INSERT INTO students VALUES('0b97bc6a-a583-4427-1680-8d807f0a2625','93p7uqnAh','Kadon',NULL,'Toon','routine_jamaurie@web.de','female','+23200025807','282 Sisko Spurs','2016-08-12','https://robohash.org/xwtfLLCkJ-T7-dPP1g3TO','enrolled','a71ea38f-0e35-4bff-0b23-a673abff24d1','ae0c31f6-0263-4584-1482-a7f36fc6c9c8','2020-09-11','2025-11-30 12:02:34','2025-10-06 14:58:27');
INSERT INTO students VALUES('02696f20-c69d-42d8-67ea-ab12ff2fb38b','94sb7FR','Labradford',NULL,'Rhone','perceptible_grecia@aol.com','male','+23278488745','196 Kiera Drive','2018-04-09','https://robohash.org/xwtfLLCkJ-T7-dPP1g3TO','enrolled','3e64a859-3b69-460f-37dc-e8d5ba04865c','c1789cf6-0546-4a3a-7099-23fb59a8c0c6','2020-03-04','2023-03-15 06:41:47','2025-10-06 14:58:27');
INSERT INTO students VALUES('ec77247d-50bc-4ff8-6101-767255f85371','95M2eKvjsE9yWO2J','Tysean',NULL,'Tietz','robust_sanah@comcast.net','male','+23278491724','287 Kally Groves','2018-07-29','https://robohash.org/xwtfLLCkJ-T7-dPP1g3TO','enrolled','1b2b6242-410c-4970-2df8-ec32dc62337d','67f35190-e62b-4f5d-d1b7-3a0fb364f042','2023-12-30','2023-02-28 03:05:13','2025-10-06 14:58:27');
INSERT INTO students VALUES('b2223f1d-54c9-465b-4660-7170def04671','96vAtE5tUZ9Y','Tycho',NULL,'Santori','resentful_estus@yahoo.co.in','female','+23273356494','582 Jenel Estate','2018-11-20','https://robohash.org/xwtfLLCkJ-T7-dPP1g3TO','enrolled','97df6fcd-7481-496d-fd33-24270930bd49','01659b20-3314-4d08-9f85-8b537fadc04a','2025-08-26','2023-11-04 14:11:01','2025-10-06 14:58:27');
INSERT INTO students VALUES('473c2332-da60-4274-72e5-f82356a54eed','97IZYh0','Wonda',NULL,'Pritzl','phonemic_iwao@hotmail.com','male','+23243849402','645 Glendell Prairie','2015-06-06','https://robohash.org/xwtfLLCkJ-T7-dPP1g3TO','enrolled','584022c9-6a39-4eaf-d170-6b2c0fa4edea','2c72c32a-933e-44dc-424f-a2879b0211ec','2021-02-03','2023-07-23 08:36:04','2025-10-06 14:58:27');
INSERT INTO students VALUES('a8491cc0-f6c8-41fb-8399-6caf28c62c25','98U0qDrs','Quintus',NULL,'Oriol','bustling_knowledge@web.de','female','+23294932351','141 Altman Route','2016-10-25','https://robohash.org/xwtfLLCkJ-T7-dPP1g3TO','enrolled','1b2b6242-410c-4970-2df8-ec32dc62337d','c1789cf6-0546-4a3a-7099-23fb59a8c0c6','2021-12-14','2026-03-10 07:29:56','2025-10-06 14:58:27');
INSERT INTO students VALUES('25b0940b-af73-45a2-fce2-26af7b6c32c1','9aI2FE3x','Lyanne',NULL,'Finkle','remaining_eion@web.de','female','+23274662044','496 Oz Hills','2021-08-11','https://robohash.org/xwtfLLCkJ-T7-dPP1g3TO','enrolled','3e64a859-3b69-460f-37dc-e8d5ba04865c','01659b20-3314-4d08-9f85-8b537fadc04a','2021-03-20','2022-08-30 19:59:00','2025-10-06 14:58:27');
INSERT INTO students VALUES('188276a9-ab28-49b4-ad2b-415b9d97d30e','9b8ieALQ','Daire',NULL,'Bibee','erratic_evonne@yahoo.com.br','male','+23294809958','96 Mook Neck','2016-07-25','https://robohash.org/xwtfLLCkJ-T7-dPP1g3TO','enrolled','3e64a859-3b69-460f-37dc-e8d5ba04865c','c1789cf6-0546-4a3a-7099-23fb59a8c0c6','2025-08-12','2024-04-21 05:38:03','2025-10-06 14:58:27');
INSERT INTO students VALUES('184174a5-f80c-493c-712d-0398d2d60d21','9cW5R3mwKNLtCHTbS','Biff',NULL,'Achor','ravenous_ermine@hotmail.fr','female','+23294921665','799 Scheiber Lights','2022-05-16','https://robohash.org/xwtfLLCkJ-T7-dPP1g3TO','enrolled','3e64a859-3b69-460f-37dc-e8d5ba04865c','01659b20-3314-4d08-9f85-8b537fadc04a','2024-01-14','2025-06-28 04:54:11','2025-10-06 14:58:27');
INSERT INTO students VALUES('e6c6de2a-044e-41b7-d12f-5bf30e779c94','9dc5ePPwG3N','Tiffeny',NULL,'Deng','ravenous_jadie@hotmail.fr','male','+23288031259','403 Haliegh Underpass','2017-05-24','https://robohash.org/xwtfLLCkJ-T7-dPP1g3TO','enrolled','97df6fcd-7481-496d-fd33-24270930bd49','01659b20-3314-4d08-9f85-8b537fadc04a','2022-12-13','2022-10-11 14:09:31','2025-10-06 14:58:27');
INSERT INTO students VALUES('bf9089af-0fdd-4461-d763-aa5f9b607876','9e5ccHoEtnSukqp7','Yahya',NULL,'Bleeker','routine_jaevion@hotmail.com','female','+23279292048','665 Berends Plaza','2022-06-14','https://robohash.org/xwtfLLCkJ-T7-dPP1g3TO','enrolled','584022c9-6a39-4eaf-d170-6b2c0fa4edea','c1789cf6-0546-4a3a-7099-23fb59a8c0c6','2025-01-17','2025-04-13 15:03:46','2025-10-06 14:58:27');
INSERT INTO students VALUES('ad5b90fc-51e1-4b3f-22e7-27ea0945b0c2','a0HfaCxjKUV6C64D','Deshundra',NULL,'Stapleton','reported_nicholaus@msn.com','female','+23274844449','294 Brakefield Hill','2015-02-02','https://robohash.org/xwtfLLCkJ-T7-dPP1g3TO','enrolled','97df6fcd-7481-496d-fd33-24270930bd49','ae0c31f6-0263-4584-1482-a7f36fc6c9c8','2020-03-06','2022-11-11 05:59:08','2025-10-06 14:58:27');
INSERT INTO students VALUES('ff24e704-d56b-42fe-be50-9d03f8e269e9','a1FtN6O','Naeem',NULL,'Zientek','flowery_raffi@hotmail.fr','male','+23293971024','195 Berlanga Island','2015-07-13','https://robohash.org/xwtfLLCkJ-T7-dPP1g3TO','enrolled','584022c9-6a39-4eaf-d170-6b2c0fa4edea','7654844e-e961-499f-c0aa-609b48f7bf9f','2019-08-27','2023-04-06 15:56:20','2025-10-06 14:58:27');
INSERT INTO students VALUES('0f407b84-c3a4-47b4-8881-c718aa1114c2','a2XoQ8fxfXvj1et','Rishab',NULL,'Woodcox','physical_ponciano@ymail.com','male','+23288049432','139 Irmgard Junctions','2020-07-16','https://robohash.org/xwtfLLCkJ-T7-dPP1g3TO','enrolled','a71ea38f-0e35-4bff-0b23-a673abff24d1','77f8ed83-f3fa-4a58-40f9-a60850b9ee16','2023-04-29','2023-03-22 21:37:37','2025-10-06 14:58:27');
INSERT INTO students VALUES('8610d0e6-a4af-420a-77fc-1f91de4dac2a','a4dTjAC1zgpwe2Ul','Brittan',NULL,'Comito','ravenous_emsley@yahoo.fr','female','+23294358062','356 Cappadona Lodge','2017-03-02','https://robohash.org/xwtfLLCkJ-T7-dPP1g3TO','enrolled','97df6fcd-7481-496d-fd33-24270930bd49','01659b20-3314-4d08-9f85-8b537fadc04a','2019-05-09','2025-03-22 13:54:33','2025-10-06 14:58:27');
INSERT INTO students VALUES('dfc8be09-5ccc-4492-16e5-0a7ebba96180','a5WcwV6a9V','Siaosi',NULL,'Pacitti','ravenous_keneisha@live.com','female','+23295572959','678 Lorianne Turnpike','2021-02-28','https://robohash.org/xwtfLLCkJ-T7-dPP1g3TO','enrolled','97df6fcd-7481-496d-fd33-24270930bd49','77f8ed83-f3fa-4a58-40f9-a60850b9ee16','2020-10-17','2025-01-20 04:23:48','2025-10-06 14:58:27');
INSERT INTO students VALUES('603dcac9-deca-4e60-f28c-00d3ceea75b5','a6EQjO33aNB5','Zykierra',NULL,'Nightengale','robust_randiel@libero.it','male','+23274277303','628 Boorman Villages','2018-02-09','https://robohash.org/xwtfLLCkJ-T7-dPP1g3TO','enrolled','584022c9-6a39-4eaf-d170-6b2c0fa4edea','01659b20-3314-4d08-9f85-8b537fadc04a','2024-01-20','2024-05-26 02:12:23','2025-10-06 14:58:27');
INSERT INTO students VALUES('ea08f6d9-1f12-46ba-db19-b7958a588fd5','a7IcKNuQ','Deiondre',NULL,'Emmett','capricious_lynnea@rediffmail.com','male','+23201056541','843 Zitlally Inlet','2021-02-12','https://robohash.org/xwtfLLCkJ-T7-dPP1g3TO','enrolled','a71ea38f-0e35-4bff-0b23-a673abff24d1','67f35190-e62b-4f5d-d1b7-3a0fb364f042','2023-08-02','2024-06-14 06:37:56','2025-10-06 14:58:27');
INSERT INTO students VALUES('576b0682-5739-4f4a-452b-4d0114acfc1c','a8pFKoVsudGFGNb','Leland',NULL,'Bold','patronizing_elijha@gmail.com','female','+23294923568','265 Janelys Village','2015-04-04','https://robohash.org/xwtfLLCkJ-T7-dPP1g3TO','enrolled','1b2b6242-410c-4970-2df8-ec32dc62337d','af8a58f2-ca84-4337-db97-77df4478fa0c','2024-10-15','2024-10-21 03:06:40','2025-10-06 14:58:27');
INSERT INTO students VALUES('91bf1629-10b4-4d51-1c68-5090b0dfe121','a9OGnaw','Berdena',NULL,'Strong','reserved_frimy@yahoo.co.in','male','+23245232365','514 Fares Alley','2016-11-26','https://robohash.org/xwtfLLCkJ-T7-dPP1g3TO','enrolled','3e64a859-3b69-460f-37dc-e8d5ba04865c','01659b20-3314-4d08-9f85-8b537fadc04a','2021-02-06','2022-08-19 07:36:54','2025-10-06 14:58:27');
INSERT INTO students VALUES('9ebf0234-2e8f-4370-9bde-fae8018ea0ed','aaoCBpyPUOeHHbjD','Faiz',NULL,'Skorupa','handy_pierre@yahoo.com.br','male','+23294373030','716 Bushong Villages','2020-02-05','https://robohash.org/xwtfLLCkJ-T7-dPP1g3TO','enrolled','a71ea38f-0e35-4bff-0b23-a673abff24d1','77f8ed83-f3fa-4a58-40f9-a60850b9ee16','2022-07-25','2022-05-10 01:02:50','2025-10-06 14:58:27');
INSERT INTO students VALUES('4578f74c-4a6b-4670-e70d-fa3cd7cb978b','abE4GTZW','Shirlynn',NULL,'Holten','peaceable_deegan@yahoo.com','female','+23298630785','535 Roeder Route','2018-03-24','https://robohash.org/xwtfLLCkJ-T7-dPP1g3TO','enrolled','1b2b6242-410c-4970-2df8-ec32dc62337d','3599c6cc-900e-4185-1586-a9d7dddc6c08','2022-06-03','2025-10-31 07:37:08','2025-10-06 14:58:27');
INSERT INTO students VALUES('2182c9dd-22ae-47d6-c924-f7b2b8c6c0f0','acCULI7F','Oveta',NULL,'Teale','divisive_alessia@gmx.de','female','+23278491852','574 Mayumi Shore','2016-05-15','https://robohash.org/xwtfLLCkJ-T7-dPP1g3TO','enrolled','97df6fcd-7481-496d-fd33-24270930bd49','af8a58f2-ca84-4337-db97-77df4478fa0c','2020-06-21','2026-01-14 06:17:12','2025-10-06 14:58:27');
INSERT INTO students VALUES('a62bdc4e-6a37-493e-36f9-3bfa6c721b0b','adWBI580CJv','Thomasina',NULL,'Maron','robust_quantez@gmail.com','female','+23294809965','538 Tanga Burg','2018-02-16','https://robohash.org/xwtfLLCkJ-T7-dPP1g3TO','enrolled','584022c9-6a39-4eaf-d170-6b2c0fa4edea','ae0c31f6-0263-4584-1482-a7f36fc6c9c8','2019-11-12','2022-10-29 03:58:27','2025-10-06 14:58:27');
INSERT INTO students VALUES('87886b79-c2bc-436e-eec5-db60635588dd','afIHfrS','Tocarra',NULL,'Furniss','patriotic_cloe@hotmail.com','female','+23278429940','351 Jacelyn Curve','2019-06-26','https://robohash.org/xwtfLLCkJ-T7-dPP1g3TO','enrolled','584022c9-6a39-4eaf-d170-6b2c0fa4edea','af8a58f2-ca84-4337-db97-77df4478fa0c','2019-04-14','2025-01-21 12:03:48','2025-10-06 14:58:27');
INSERT INTO students VALUES('cf21948e-76ab-4f99-03d4-29d2691c8eb0','b0tUp7FBttt8Pk','Ahmiyah',NULL,'Calabrese','reserved_elyssia@orange.fr','female','+23276106125','157 Alva Center','2020-01-28','https://robohash.org/xwtfLLCkJ-T7-dPP1g3TO','enrolled','584022c9-6a39-4eaf-d170-6b2c0fa4edea','af8a58f2-ca84-4337-db97-77df4478fa0c','2024-09-01','2025-12-29 15:26:19','2025-10-06 14:58:27');
INSERT INTO students VALUES('565b2bcc-25cc-410a-4572-1f31e8f09892','b1wm1ph7HwT','Kenleigh',NULL,'Tadeo','ravenous_jahnae@gmail.com','female','+23278492056','190 Stanton Ways','2020-12-26','https://robohash.org/xwtfLLCkJ-T7-dPP1g3TO','enrolled','97df6fcd-7481-496d-fd33-24270930bd49','ae0c31f6-0263-4584-1482-a7f36fc6c9c8','2025-03-07','2022-12-06 07:09:58','2025-10-06 14:58:27');
INSERT INTO students VALUES('c06eaf59-2941-42b0-b772-adcfaa88595f','b225y9nsV76G9','Raffaele',NULL,'Castellucci','resentful_mister@gmx.de','female','+23294816381','9 Rayma Green','2021-05-27','https://robohash.org/xwtfLLCkJ-T7-dPP1g3TO','enrolled','1b2b6242-410c-4970-2df8-ec32dc62337d','2c72c32a-933e-44dc-424f-a2879b0211ec','2025-02-23','2022-10-27 03:17:40','2025-10-06 14:58:27');
INSERT INTO students VALUES('cca750e3-96fe-44c7-8bbe-1e05bafbec09','b3CfDBI','Kavon',NULL,'Fleer','saccharin_kamaal@gmail.com','female','+23297010292','941 Nohr Mount','2015-07-07','https://robohash.org/xwtfLLCkJ-T7-dPP1g3TO','enrolled','1b2b6242-410c-4970-2df8-ec32dc62337d','67f35190-e62b-4f5d-d1b7-3a0fb364f042','2022-05-29','2024-07-25 14:33:33','2025-10-06 14:58:27');
INSERT INTO students VALUES('1c450895-76d4-4832-ce9b-ef671e4c7046','b48W4ho','Alexah',NULL,'Pinnow','political_ikia@yahoo.com.br','female','+23296921330','128 Witzig View','2015-03-08','https://robohash.org/xwtfLLCkJ-T7-dPP1g3TO','enrolled','1b2b6242-410c-4970-2df8-ec32dc62337d','3599c6cc-900e-4185-1586-a9d7dddc6c08','2018-06-17','2023-10-17 00:54:21','2025-10-06 14:58:27');
INSERT INTO students VALUES('2ac66cab-519c-4d59-448b-d30b5ae760e9','b5cE4eEtiP6QwLoAop','Dovie',NULL,'Brack','physiological_rion@hotmail.fr','female','+23273320004','780 Rayden Cove','2020-08-06','https://robohash.org/xwtfLLCkJ-T7-dPP1g3TO','enrolled','3e64a859-3b69-460f-37dc-e8d5ba04865c','c1789cf6-0546-4a3a-7099-23fb59a8c0c6','2023-11-02','2024-07-14 19:18:20','2025-10-06 14:58:27');
INSERT INTO students VALUES('cac8c6fc-3b80-406a-8ca1-e82293829974','b6TPaOOpBr2qIzcX','Malke',NULL,'Lazear','sassy_shreyas@comcast.net','female','+23201113312','790 Busta Walks','2021-06-28','https://robohash.org/xwtfLLCkJ-T7-dPP1g3TO','enrolled','3e64a859-3b69-460f-37dc-e8d5ba04865c','2c72c32a-933e-44dc-424f-a2879b0211ec','2025-10-03','2022-10-27 22:30:30','2025-10-06 14:58:27');
INSERT INTO students VALUES('853731d5-bfce-4b4f-8ad5-e9383f5d0900','b7Rd7o8xv5eZ6MRs2','Pinchos',NULL,'Saldierna','ravenous_doni@rediffmail.com','female','+23242866682','261 Mantle Oval','2018-01-27','https://robohash.org/xwtfLLCkJ-T7-dPP1g3TO','enrolled','a71ea38f-0e35-4bff-0b23-a673abff24d1','2c72c32a-933e-44dc-424f-a2879b0211ec','2019-11-08','2023-02-05 07:36:20','2025-10-06 14:58:27');
INSERT INTO students VALUES('1fe6112a-bef4-45ce-f59e-acdeb79f611c','b8MHndnn','Tamisha',NULL,'Lisenby','ceaseless_ayuub@orange.fr','female','+23274659995','128 Greidys Orchard','2019-05-22','https://robohash.org/xwtfLLCkJ-T7-dPP1g3TO','enrolled','3e64a859-3b69-460f-37dc-e8d5ba04865c','2c72c32a-933e-44dc-424f-a2879b0211ec','2019-09-01','2025-05-25 00:38:50','2025-10-06 14:58:27');
INSERT INTO students VALUES('38cc6574-2edd-411e-6fd9-3d351c91fcb8','b9rvk3Yy','Malo',NULL,'Jeangilles','routine_langdon@orange.fr','male','+23236606231','713 Mychaela Walks','2022-08-18','https://robohash.org/xwtfLLCkJ-T7-dPP1g3TO','enrolled','3e64a859-3b69-460f-37dc-e8d5ba04865c','af8a58f2-ca84-4337-db97-77df4478fa0c','2023-01-21','2023-10-20 22:33:58','2025-10-06 14:58:27');
INSERT INTO students VALUES('d3dc0a52-5328-49bb-9696-5fab3e293588','bapP1iEvHp','Zeltzin',NULL,'Bothe','rousing_kamiah@live.com','male','+23248501849','683 Koy Gardens','2018-01-12','https://robohash.org/xwtfLLCkJ-T7-dPP1g3TO','enrolled','3e64a859-3b69-460f-37dc-e8d5ba04865c','7654844e-e961-499f-c0aa-609b48f7bf9f','2022-05-29','2025-12-26 19:14:53','2025-10-06 14:58:27');
INSERT INTO students VALUES('09486ed3-87b6-4f91-2f35-07b13808322c','bb6bgyb50cbrl','Danitza',NULL,'Shannon','resentful_darel@ymail.com','male','+23275491482','225 Pershing Flats','2021-01-19','https://robohash.org/xwtfLLCkJ-T7-dPP1g3TO','enrolled','1b2b6242-410c-4970-2df8-ec32dc62337d','01659b20-3314-4d08-9f85-8b537fadc04a','2019-01-22','2024-04-12 03:53:43','2025-10-06 14:58:27');
INSERT INTO students VALUES('575b5fe4-6b3b-406a-a19e-fc5bf6bf8dc9','bc0LMUk','Dosha',NULL,'Bramwell','rotting_daelen@libero.it','female','+23294814422','202 Quiambao Fork','2019-09-29','https://robohash.org/xwtfLLCkJ-T7-dPP1g3TO','enrolled','a71ea38f-0e35-4bff-0b23-a673abff24d1','01659b20-3314-4d08-9f85-8b537fadc04a','2025-08-10','2023-02-10 14:41:00','2025-10-06 14:58:27');
INSERT INTO students VALUES('0203a256-4d55-4686-9ec7-59adb1f06ddd','beaV5LudK4vN68miQ','Rhyan',NULL,'Chio','routine_kamaree@free.fr','male','+23295839368','722 Raven Island','2018-04-29','https://robohash.org/xwtfLLCkJ-T7-dPP1g3TO','enrolled','1b2b6242-410c-4970-2df8-ec32dc62337d','67f35190-e62b-4f5d-d1b7-3a0fb364f042','2018-01-25','2025-01-15 16:38:29','2025-10-06 14:58:27');
INSERT INTO students VALUES('4642051d-3ab7-4d85-342c-4adc7cb2d9cd','bfKKvYx4bB','Dash',NULL,'Portalatin','pathological_arlis@hotmail.com','female','+23275736681','156 Ostermiller Village','2016-11-19','https://robohash.org/xwtfLLCkJ-T7-dPP1g3TO','enrolled','584022c9-6a39-4eaf-d170-6b2c0fa4edea','ae0c31f6-0263-4584-1482-a7f36fc6c9c8','2021-03-27','2022-08-18 14:54:04','2025-10-06 14:58:27');
INSERT INTO students VALUES('cd4467aa-f632-4f0e-3e9a-c54fb10b73e8','c02eoGtGggO','Oceana',NULL,'Kisling','ravenous_pinkey@hotmail.fr','male','+23222896700','219 Chellis Squares','2018-12-08','https://robohash.org/xwtfLLCkJ-T7-dPP1g3TO','enrolled','1b2b6242-410c-4970-2df8-ec32dc62337d','c1789cf6-0546-4a3a-7099-23fb59a8c0c6','2021-04-09','2023-07-17 15:29:42','2025-10-06 14:58:27');
INSERT INTO students VALUES('3ef5c313-a871-47c4-b609-5e40c74ba583','c1DRfWzAzl1hY5IS0J','Melvin',NULL,'Naill','resentful_lasean@yahoo.com','male','+23275422999','800 Berenise Cliff','2015-03-23','https://robohash.org/xwtfLLCkJ-T7-dPP1g3TO','enrolled','3e64a859-3b69-460f-37dc-e8d5ba04865c','67f35190-e62b-4f5d-d1b7-3a0fb364f042','2022-11-27','2025-06-12 00:11:01','2025-10-06 14:58:27');
INSERT INTO students VALUES('63674074-f0fc-4720-9aab-2798f064ebec','c2TqE7X4MJlXCd0ZS','Nuzhat',NULL,'Stgermaine','routine_kamaree@yahoo.com.br','female','+23278789307','358 Martisha Well','2018-08-24','https://robohash.org/xwtfLLCkJ-T7-dPP1g3TO','enrolled','97df6fcd-7481-496d-fd33-24270930bd49','c1789cf6-0546-4a3a-7099-23fb59a8c0c6','2018-10-31','2025-07-12 15:55:55','2025-10-06 14:58:27');
INSERT INTO students VALUES('2187d5c4-2498-488f-bca7-0e90f79f6711','c329lrfwC9rg4xu','Bellamy',NULL,'Stene','ravenous_naileah@libero.it','female','+23278491740','444 Camdyn Loaf','2019-08-28','https://robohash.org/xwtfLLCkJ-T7-dPP1g3TO','enrolled','584022c9-6a39-4eaf-d170-6b2c0fa4edea','77f8ed83-f3fa-4a58-40f9-a60850b9ee16','2019-06-16','2024-08-29 15:07:43','2025-10-06 14:58:27');
INSERT INTO students VALUES('a7823bbd-df79-437d-e100-8ff549908cd7','c4bjr9Qyaspb','Marely',NULL,'Padovani','ravenous_jerelene@yahoo.co.uk','female','+23201112447','521 Rocquel Expressway','2018-01-19','https://robohash.org/xwtfLLCkJ-T7-dPP1g3TO','enrolled','1b2b6242-410c-4970-2df8-ec32dc62337d','3599c6cc-900e-4185-1586-a9d7dddc6c08','2018-09-20','2025-01-17 15:20:52','2025-10-06 14:58:27');
INSERT INTO students VALUES('79c7536d-6ba5-42f1-841b-e2c7e731d76b','c6cP5G9aEtTY0cqN','Moses',NULL,'Minarik','majestic_jeana@libero.it','female','+23200921403','879 Maline Burg','2017-04-14','https://robohash.org/xwtfLLCkJ-T7-dPP1g3TO','enrolled','584022c9-6a39-4eaf-d170-6b2c0fa4edea','7654844e-e961-499f-c0aa-609b48f7bf9f','2020-01-11','2024-01-18 10:31:19','2025-10-06 14:58:27');
INSERT INTO students VALUES('b6f33b11-11be-422f-8583-3aabebc0f758','c8kbKvj7mr5wK9LG2t','Elinore',NULL,'Bruin','inquisitive_magen@hotmail.fr','female','+23294964680','45 Ringley Drives','2019-05-09','https://robohash.org/xwtfLLCkJ-T7-dPP1g3TO','enrolled','3e64a859-3b69-460f-37dc-e8d5ba04865c','7654844e-e961-499f-c0aa-609b48f7bf9f','2018-08-14','2023-09-15 15:58:55','2025-10-06 14:58:27');
INSERT INTO students VALUES('085d9ee7-6bdf-44ed-433f-dba08fb50bf8','c9KNDZE02P0','Donoven',NULL,'Termini','rotund_arvo@hotmail.com','female','+23294946235','320 Levonte Drives','2018-01-09','https://robohash.org/xwtfLLCkJ-T7-dPP1g3TO','enrolled','97df6fcd-7481-496d-fd33-24270930bd49','67f35190-e62b-4f5d-d1b7-3a0fb364f042','2018-07-03','2022-08-09 09:33:37','2025-10-06 14:58:27');
INSERT INTO students VALUES('bc554f2d-e346-45f4-d1ba-3706b0d407be','caLqmmNx','Rutha',NULL,'Territo','rotund_tarrell@yahoo.fr','female','+23201433848','984 Chatterjee Prairie','2020-12-12','https://robohash.org/xwtfLLCkJ-T7-dPP1g3TO','enrolled','584022c9-6a39-4eaf-d170-6b2c0fa4edea','c1789cf6-0546-4a3a-7099-23fb59a8c0c6','2021-05-12','2022-11-01 17:22:40','2025-10-06 14:58:27');
INSERT INTO students VALUES('8d543026-e37a-482d-14f6-a91ad99baf26','cbhE7Elb','Clarrissa',NULL,'Gilyard','incalculable_hildur@web.de','female','+23200349831','64 Llewellyn Orchard','2018-07-03','https://robohash.org/xwtfLLCkJ-T7-dPP1g3TO','enrolled','a71ea38f-0e35-4bff-0b23-a673abff24d1','7654844e-e961-499f-c0aa-609b48f7bf9f','2023-03-01','2024-07-16 18:00:32','2025-10-06 14:58:27');
INSERT INTO students VALUES('7e9495e2-fabb-4445-31ad-da6250b0c748','cc1azlDolMf0xl','Jeneva',NULL,'Rebollo','qualitative_afrika@ymail.com','male','+23296358420','958 Salek Plaza','2017-06-23','https://robohash.org/xwtfLLCkJ-T7-dPP1g3TO','enrolled','97df6fcd-7481-496d-fd33-24270930bd49','01659b20-3314-4d08-9f85-8b537fadc04a','2017-12-21','2025-06-27 23:35:23','2025-10-06 14:58:27');
INSERT INTO students VALUES('d76f07e0-2d5a-4a94-a1a2-a7758507a570','cdbcrzHH0KL2GPgAHb','Tionni',NULL,'Stephen','routine_shafin@hotmail.com','male','+23275070292','561 Bonito Wall','2016-06-05','https://robohash.org/xwtfLLCkJ-T7-dPP1g3TO','enrolled','a71ea38f-0e35-4bff-0b23-a673abff24d1','2c72c32a-933e-44dc-424f-a2879b0211ec','2021-08-13','2022-07-13 02:17:30','2025-10-06 14:58:27');
INSERT INTO students VALUES('986acba3-b768-403b-e0d9-37701fa35155','ceAjdcsxlHCa4','Marriah',NULL,'Kuschel','puckish_madalena@rediffmail.com','male','+23275056191','634 Berdahl Ferry','2019-09-13','https://robohash.org/xwtfLLCkJ-T7-dPP1g3TO','enrolled','1b2b6242-410c-4970-2df8-ec32dc62337d','3599c6cc-900e-4185-1586-a9d7dddc6c08','2024-02-27','2025-03-03 20:57:28','2025-10-06 14:58:27');
INSERT INTO students VALUES('566e6e34-d927-4d66-9423-a94f26dbff99','cfAdtG8IMha1hVw','Donold',NULL,'Vidrine','ravenous_arlisa@hotmail.com','female','+23279480457','327 Tyranika Views','2022-08-08','https://robohash.org/xwtfLLCkJ-T7-dPP1g3TO','enrolled','3e64a859-3b69-460f-37dc-e8d5ba04865c','3599c6cc-900e-4185-1586-a9d7dddc6c08','2020-10-01','2022-05-18 17:44:03','2025-10-06 14:58:27');
INSERT INTO students VALUES('e9280543-0ccd-47f2-d739-1b4275c728c6','d0Ns2fEv','Britani',NULL,'Asleson','ravenous_cydni@yahoo.fr','female','+23294935480','481 Graybill Route','2017-11-11','https://robohash.org/xwtfLLCkJ-T7-dPP1g3TO','enrolled','3e64a859-3b69-460f-37dc-e8d5ba04865c','01659b20-3314-4d08-9f85-8b537fadc04a','2021-03-03','2024-07-02 00:49:13','2025-10-06 14:58:27');
INSERT INTO students VALUES('13cea803-d970-479e-e67b-6cac8352e5c2','d1GFx2HPcBEM','Che',NULL,'Darga','ravenous_abri@yahoo.co.in','male','+23296829591','696 Froese Burgs','2019-09-19','https://robohash.org/xwtfLLCkJ-T7-dPP1g3TO','enrolled','584022c9-6a39-4eaf-d170-6b2c0fa4edea','67f35190-e62b-4f5d-d1b7-3a0fb364f042','2023-02-19','2023-01-17 22:29:53','2025-10-06 14:58:27');
INSERT INTO students VALUES('a31f672b-82f8-4394-973b-404a597dd88d','d2py4mxL','Keandre',NULL,'Giffin','routine_ho@msn.com','female','+23294941464','299 Cristhian Forges','2019-06-23','https://robohash.org/xwtfLLCkJ-T7-dPP1g3TO','enrolled','a71ea38f-0e35-4bff-0b23-a673abff24d1','01659b20-3314-4d08-9f85-8b537fadc04a','2025-03-31','2024-04-20 20:55:58','2025-10-06 14:58:27');
INSERT INTO students VALUES('c946f69f-20cc-49c8-364e-9c07c4545095','d35Mcvb','Yadir',NULL,'Emmert','ravenous_lany@libero.it','male','+23294816363','467 Molt Run','2015-06-24','https://robohash.org/xwtfLLCkJ-T7-dPP1g3TO','enrolled','584022c9-6a39-4eaf-d170-6b2c0fa4edea','c1789cf6-0546-4a3a-7099-23fb59a8c0c6','2023-05-15','2026-04-26 13:34:39','2025-10-06 14:58:27');
INSERT INTO students VALUES('44bef21c-4f3f-4681-c3bb-baba05ff18ab','d5IbT2DU5','Taylorann',NULL,'Faires','ravenous_davionna@msn.com','female','+23294957544','393 Dustie Cliff','2021-09-13','https://robohash.org/xwtfLLCkJ-T7-dPP1g3TO','enrolled','97df6fcd-7481-496d-fd33-24270930bd49','7654844e-e961-499f-c0aa-609b48f7bf9f','2024-04-09','2025-04-22 11:12:27','2025-10-06 14:58:27');
INSERT INTO students VALUES('04ccb21d-f7b0-4628-2e60-096c947761cf','d6iJ5bMoUTBaqTidL','Jakarri',NULL,'Hanger','residual_shaunta@orange.fr','male','+23294809976','540 Timmerman Mount','2016-11-05','https://robohash.org/xwtfLLCkJ-T7-dPP1g3TO','enrolled','a71ea38f-0e35-4bff-0b23-a673abff24d1','2c72c32a-933e-44dc-424f-a2879b0211ec','2023-02-27','2023-04-27 23:55:08','2025-10-06 14:58:27');
INSERT INTO students VALUES('e24e0b6c-02c1-4b96-0742-10ce03140533','d7gTcI4D5EKG3GPU1','Kyley',NULL,'Saravia','inherent_demetri@wanadoo.fr','female','+23273401228','53 Covington Village','2017-04-20','https://robohash.org/xwtfLLCkJ-T7-dPP1g3TO','enrolled','a71ea38f-0e35-4bff-0b23-a673abff24d1','ae0c31f6-0263-4584-1482-a7f36fc6c9c8','2018-01-12','2025-07-31 04:12:37','2025-10-06 14:58:27');
INSERT INTO students VALUES('86a70c01-fb98-44d6-34fd-fdae40dc4a52','d8n2RBDZiJH','Hiroko',NULL,'Manes','ravenous_misako@yahoo.fr','male','+23273377557','870 Baxley Place','2016-10-18','https://robohash.org/xwtfLLCkJ-T7-dPP1g3TO','enrolled','a71ea38f-0e35-4bff-0b23-a673abff24d1','7654844e-e961-499f-c0aa-609b48f7bf9f','2025-03-12','2022-05-12 23:16:53','2025-10-06 14:58:27');
INSERT INTO students VALUES('ae6c9a1b-f306-4067-057a-ecac9a50202d','d9H06BBRhv9qOvj7RT','Yanni',NULL,'Birnie','risky_fabrizio@web.de','female','+23276316189','785 Mackey Falls','2016-08-04','https://robohash.org/xwtfLLCkJ-T7-dPP1g3TO','enrolled','584022c9-6a39-4eaf-d170-6b2c0fa4edea','67f35190-e62b-4f5d-d1b7-3a0fb364f042','2020-08-28','2025-06-04 14:58:51','2025-10-06 14:58:27');
INSERT INTO students VALUES('eedc076b-8521-43c3-9e13-1d16e3cbcca5','dala6Gmt','Daleyssa',NULL,'Palin','physical_aryav@gmx.de','male','+23201110521','843 Berberian Squares','2021-08-27','https://robohash.org/xwtfLLCkJ-T7-dPP1g3TO','enrolled','1b2b6242-410c-4970-2df8-ec32dc62337d','af8a58f2-ca84-4337-db97-77df4478fa0c','2023-04-11','2024-10-20 13:46:08','2025-10-06 14:58:27');
INSERT INTO students VALUES('6181e78d-4ede-4a5d-1075-a9fab4b9e31d','dbNDvlbgka','Merl',NULL,'Steimle','cancelled_zykiria@yahoo.com.br','female','+23275063121','238 Jenaro Lights','2017-10-06','https://robohash.org/xwtfLLCkJ-T7-dPP1g3TO','enrolled','1b2b6242-410c-4970-2df8-ec32dc62337d','2c72c32a-933e-44dc-424f-a2879b0211ec','2020-07-13','2022-07-16 01:43:35','2025-10-06 14:58:27');
INSERT INTO students VALUES('4106174d-f51f-4bb8-4c2d-2b4c92dafd6b','dcUcKzHvh0b','Laksh',NULL,'Kottwitz','pathetic_bretton@yahoo.com','female','+23296855431','343 Cathrine Summit','2022-07-07','https://robohash.org/xwtfLLCkJ-T7-dPP1g3TO','enrolled','584022c9-6a39-4eaf-d170-6b2c0fa4edea','ae0c31f6-0263-4584-1482-a7f36fc6c9c8','2022-10-24','2025-06-27 01:12:48','2025-10-06 14:58:27');
INSERT INTO students VALUES('751b379f-6e51-470d-c268-917405226418','ddBDciwveXMb5nE','Jazlin',NULL,'Bruckman','ravenous_andora@hotmail.co.uk','male','+23296358416','744 Antoinne Heights','2016-04-07','https://robohash.org/xwtfLLCkJ-T7-dPP1g3TO','enrolled','a71ea38f-0e35-4bff-0b23-a673abff24d1','af8a58f2-ca84-4337-db97-77df4478fa0c','2024-03-25','2026-03-20 05:33:44','2025-10-06 14:58:27');
INSERT INTO students VALUES('3da56d14-3aa2-48eb-c30b-3a0df8f7522b','delkMzZVyP','Emiley',NULL,'Dikeman','peremptory_glenville@gmx.de','female','+23273356079','397 Wiltz Fields','2019-05-27','https://robohash.org/xwtfLLCkJ-T7-dPP1g3TO','enrolled','a71ea38f-0e35-4bff-0b23-a673abff24d1','3599c6cc-900e-4185-1586-a9d7dddc6c08','2022-11-16','2026-02-28 13:33:40','2025-10-06 14:58:27');
INSERT INTO students VALUES('e4b187fe-af3d-4c0b-ceb5-5940e05a8d0f','df0HqahdEb3cf7it','Sanjida',NULL,'Latchaw','robust_caterina@ymail.com','female','+23288033390','956 Lucesita Park','2020-10-30','https://robohash.org/xwtfLLCkJ-T7-dPP1g3TO','enrolled','3e64a859-3b69-460f-37dc-e8d5ba04865c','01659b20-3314-4d08-9f85-8b537fadc04a','2024-08-30','2022-07-12 11:12:01','2025-10-06 14:58:27');
INSERT INTO students VALUES('927b31f6-456d-48b1-69b6-a272c4598961','e0QqBZDN8','Lakshmi',NULL,'Rumery','routine_yiannis@gmx.de','female','+23297572201','584 Deshawnda Lake','2017-12-03','https://robohash.org/xwtfLLCkJ-T7-dPP1g3TO','enrolled','a71ea38f-0e35-4bff-0b23-a673abff24d1','af8a58f2-ca84-4337-db97-77df4478fa0c','2024-04-25','2025-03-22 12:56:09','2025-10-06 14:58:27');
INSERT INTO students VALUES('9b8a4a18-3604-499e-825c-bb09976332c9','e1t5kDluXbWc5gmKq','Zoelle',NULL,'Anton','rotund_onofrio@comcast.net','male','+23288032180','280 Peacher Grove','2020-12-07','https://robohash.org/xwtfLLCkJ-T7-dPP1g3TO','enrolled','97df6fcd-7481-496d-fd33-24270930bd49','01659b20-3314-4d08-9f85-8b537fadc04a','2019-02-05','2024-11-15 23:57:53','2025-10-06 14:58:27');
INSERT INTO students VALUES('785cd9cd-c25d-4af1-c237-7b687a45632d','e3wWUAXynZB','Marianne',NULL,'Balcer','philanthropic_donnita@aol.com','male','+23201118404','509 Gloyd Pass','2020-07-30','https://robohash.org/xwtfLLCkJ-T7-dPP1g3TO','enrolled','3e64a859-3b69-460f-37dc-e8d5ba04865c','c1789cf6-0546-4a3a-7099-23fb59a8c0c6','2023-06-15','2023-06-27 21:04:53','2025-10-06 14:58:27');
INSERT INTO students VALUES('1bc7ef12-5955-406c-a81c-d7b66e402aa4','e52uuiQKio1','Syrah',NULL,'Simon','ravenous_decklyn@msn.com','male','+23294957651','537 Merelyn Valleys','2017-08-10','https://robohash.org/xwtfLLCkJ-T7-dPP1g3TO','enrolled','3e64a859-3b69-460f-37dc-e8d5ba04865c','3599c6cc-900e-4185-1586-a9d7dddc6c08','2023-07-16','2023-06-20 22:03:40','2025-10-06 14:58:27');
INSERT INTO students VALUES('0e2d3d5e-cfcb-4be6-73bf-bbdc8371310b','e68BC2zT5G','Ronesha',NULL,'Ocana','perceptual_gaylyn@msn.com','female','+23288036460','369 Jodell Spur','2015-02-04','https://robohash.org/xwtfLLCkJ-T7-dPP1g3TO','enrolled','584022c9-6a39-4eaf-d170-6b2c0fa4edea','67f35190-e62b-4f5d-d1b7-3a0fb364f042','2019-07-20','2023-04-28 11:12:59','2025-10-06 14:58:27');
INSERT INTO students VALUES('7e7f4c38-0d1d-44c0-9e29-05db0db4664d','e7ffLsLhCwm','Crescencio',NULL,'Regner','political_shevy@yahoo.com','female','+23294816362','933 Maline Alley','2015-12-02','https://robohash.org/xwtfLLCkJ-T7-dPP1g3TO','enrolled','97df6fcd-7481-496d-fd33-24270930bd49','c1789cf6-0546-4a3a-7099-23fb59a8c0c6','2024-05-03','2023-07-01 15:15:33','2025-10-06 14:58:27');
INSERT INTO students VALUES('686ecfbb-aae1-4a0b-b254-fb67ada9abfa','e8vieI51y4bluzY','Sharan',NULL,'Pruiett','ravenous_eufracia@yahoo.co.uk','male','+23276116325','209 Boby Mount','2015-01-16','https://robohash.org/xwtfLLCkJ-T7-dPP1g3TO','enrolled','97df6fcd-7481-496d-fd33-24270930bd49','ae0c31f6-0263-4584-1482-a7f36fc6c9c8','2024-06-11','2024-07-22 10:20:02','2025-10-06 14:58:27');
INSERT INTO students VALUES('943bd604-2933-47c0-9794-8e16d9ca3bea','e9pxmga','Barbarella',NULL,'Richer','reserved_tranette@rediffmail.com','female','+23288035440','868 Shogren Rapid','2017-11-21','https://robohash.org/xwtfLLCkJ-T7-dPP1g3TO','enrolled','3e64a859-3b69-460f-37dc-e8d5ba04865c','2c72c32a-933e-44dc-424f-a2879b0211ec','2018-10-01','2024-09-07 08:01:15','2025-10-06 14:58:27');
INSERT INTO students VALUES('e3d4934b-d3eb-4fc6-bb0a-45858026f42f','eaxgXrS6id','Marquavion',NULL,'Ambrose','ravenous_frankye@outlook.com','male','+23242600705','551 Firman Place','2015-06-21','https://robohash.org/xwtfLLCkJ-T7-dPP1g3TO','enrolled','97df6fcd-7481-496d-fd33-24270930bd49','2c72c32a-933e-44dc-424f-a2879b0211ec','2021-07-25','2023-01-30 01:13:32','2025-10-06 14:58:27');
INSERT INTO students VALUES('651ff58e-bb6e-453d-9a53-b1e6369e900b','eb2iB2Tx','Sherese',NULL,'Sugarman','foamy_mikeshia@yahoo.co.uk','male','+23275492424','919 Lashaundra Pike','2020-07-16','https://robohash.org/xwtfLLCkJ-T7-dPP1g3TO','enrolled','1b2b6242-410c-4970-2df8-ec32dc62337d','af8a58f2-ca84-4337-db97-77df4478fa0c','2023-05-30','2025-07-27 15:55:33','2025-10-06 14:58:27');
INSERT INTO students VALUES('8dcdfb1f-7795-44bd-6130-af240926a2af','ecuP8LfHrMmVO12g','Braelen',NULL,'Bettenhausen','phonetic_susana@yahoo.com.br','female','+23280768522','803 Heladio Forges','2020-01-22','https://robohash.org/xwtfLLCkJ-T7-dPP1g3TO','enrolled','1b2b6242-410c-4970-2df8-ec32dc62337d','2c72c32a-933e-44dc-424f-a2879b0211ec','2024-05-10','2023-07-14 19:53:56','2025-10-06 14:58:27');
INSERT INTO students VALUES('a01a3b90-4ea3-4bbf-c17d-a733edf35ea9','ed09xaG','Jaydn',NULL,'Fromer','residential_devany@free.fr','female','+23294923318','729 Samirah Knolls','2021-04-10','https://robohash.org/xwtfLLCkJ-T7-dPP1g3TO','enrolled','97df6fcd-7481-496d-fd33-24270930bd49','3599c6cc-900e-4185-1586-a9d7dddc6c08','2025-01-12','2023-05-13 02:20:59','2025-10-06 14:58:27');
INSERT INTO students VALUES('1885f62d-3b5f-410b-ae01-5a7e5d922b81','eezXy6ih33rTqOt','Sherisse',NULL,'Brougher','ravenous_ovetta@gmail.com','male','+23225379487','760 Mozingo Rue','2020-03-20','https://robohash.org/xwtfLLCkJ-T7-dPP1g3TO','enrolled','584022c9-6a39-4eaf-d170-6b2c0fa4edea','7654844e-e961-499f-c0aa-609b48f7bf9f','2017-12-24','2024-04-15 20:02:07','2025-10-06 14:58:27');
INSERT INTO students VALUES('067b800a-abcd-476d-97c6-dbadad08ed9b','efdkpwilIc','Serenitee',NULL,'Mulhall','ravenous_lany@yahoo.co.in','female','+23294984120','279 Merit Flats','2022-03-11','https://robohash.org/xwtfLLCkJ-T7-dPP1g3TO','enrolled','1b2b6242-410c-4970-2df8-ec32dc62337d','7654844e-e961-499f-c0aa-609b48f7bf9f','2025-06-18','2022-09-09 22:03:25','2025-10-06 14:58:27');
INSERT INTO students VALUES('e811e3c9-af8a-4644-f834-92cc92398e84','f0KQXcwtg0Il6G','Kadiatou',NULL,'Paonessa','ravenous_shouana@ymail.com','male','+23215294916','965 Hinely Springs','2015-11-14','https://robohash.org/xwtfLLCkJ-T7-dPP1g3TO','enrolled','3e64a859-3b69-460f-37dc-e8d5ba04865c','7654844e-e961-499f-c0aa-609b48f7bf9f','2020-07-23','2024-07-26 21:14:16','2025-10-06 14:58:27');
INSERT INTO students VALUES('b5af1fb3-7f2c-4adc-be29-559c808a039d','f15OHIWERgkW','Sheliah',NULL,'Cruickshank','patriotic_dermott@yahoo.co.in','female','+23276102273','365 Scerbo Trace','2022-05-30','https://robohash.org/xwtfLLCkJ-T7-dPP1g3TO','enrolled','3e64a859-3b69-460f-37dc-e8d5ba04865c','c1789cf6-0546-4a3a-7099-23fb59a8c0c6','2025-05-15','2025-12-24 12:04:43','2025-10-06 14:58:27');
INSERT INTO students VALUES('831d8625-40fd-4a70-c776-b2995ce22ba3','f3BgW42iwLklHT','Mister',NULL,'Loper','routine_dakeem@ymail.com','female','+23276698414','630 Kyes Springs','2021-07-21','https://robohash.org/xwtfLLCkJ-T7-dPP1g3TO','enrolled','3e64a859-3b69-460f-37dc-e8d5ba04865c','67f35190-e62b-4f5d-d1b7-3a0fb364f042','2022-03-28','2025-09-21 06:30:55','2025-10-06 14:58:27');
INSERT INTO students VALUES('4e53f2c9-eaef-4f47-7487-1122917f875a','f432yB0TG2z3mSMp','Sabree',NULL,'Flagler','resentful_gurshaan@aol.com','female','+23274978582','255 Spindel Walks','2015-10-13','https://robohash.org/xwtfLLCkJ-T7-dPP1g3TO','enrolled','1b2b6242-410c-4970-2df8-ec32dc62337d','67f35190-e62b-4f5d-d1b7-3a0fb364f042','2025-04-23','2026-03-12 15:48:46','2025-10-06 14:58:27');
INSERT INTO students VALUES('c176de08-8aa0-474c-7d9f-15ec83b3ea77','f5UaIbbLO','Derrica',NULL,'Muckey','resident_mychaela@orange.fr','female','+23294357182','976 Evlyn Falls','2018-06-14','https://robohash.org/xwtfLLCkJ-T7-dPP1g3TO','enrolled','3e64a859-3b69-460f-37dc-e8d5ba04865c','3599c6cc-900e-4185-1586-a9d7dddc6c08','2024-06-13','2025-02-20 05:40:41','2025-10-06 14:58:27');
INSERT INTO students VALUES('f70f589b-5e56-497d-a432-cf27b8be301e','f6POmPmf1gHJVUR','Henya',NULL,'Muela','livid_dragan@gmx.de','male','+23200483349','114 Agostino Junctions','2019-08-23','https://robohash.org/xwtfLLCkJ-T7-dPP1g3TO','enrolled','584022c9-6a39-4eaf-d170-6b2c0fa4edea','7654844e-e961-499f-c0aa-609b48f7bf9f','2022-04-06','2026-05-06 19:26:49','2025-10-06 14:58:27');
INSERT INTO students VALUES('06dbec69-1a51-47dc-05b7-ee5a8660c5b0','f7ULJln4mueo','Bayan',NULL,'Vandenheuvel','ravenous_juanelle@yahoo.com.br','male','+23278491742','31 Minahil Coves','2022-08-30','https://robohash.org/xwtfLLCkJ-T7-dPP1g3TO','enrolled','a71ea38f-0e35-4bff-0b23-a673abff24d1','c1789cf6-0546-4a3a-7099-23fb59a8c0c6','2023-01-20','2023-01-25 04:16:10','2025-10-06 14:58:27');
INSERT INTO students VALUES('18d8368a-e7a3-4aba-ed56-c653b6ead0e7','f8C5o1xIpFOKMK','Davyn',NULL,'Woodhall','rotund_sandeep@orange.fr','male','+23274700578','481 Ailene Camp','2019-01-29','https://robohash.org/xwtfLLCkJ-T7-dPP1g3TO','enrolled','584022c9-6a39-4eaf-d170-6b2c0fa4edea','c1789cf6-0546-4a3a-7099-23fb59a8c0c6','2019-11-04','2024-10-26 07:49:15','2025-10-06 14:58:27');
INSERT INTO students VALUES('76f16511-ee81-464b-d375-42d659f5fb33','f9K06fh','Carolyne',NULL,'Moulder','phonetic_dmarcus@aol.com','male','+23278744234','82 Grayden Course','2021-09-21','https://robohash.org/xwtfLLCkJ-T7-dPP1g3TO','enrolled','3e64a859-3b69-460f-37dc-e8d5ba04865c','7654844e-e961-499f-c0aa-609b48f7bf9f','2017-12-07','2023-09-11 23:41:41','2025-10-06 14:58:27');
INSERT INTO students VALUES('ed02db89-13b4-430a-f728-9f75e9778234','faJn66l9IqccASt2','Edner',NULL,'Disabatino','philanthropic_asma@hotmail.com','female','+23295999278','640 Samiya Roads','2015-07-21','https://robohash.org/xwtfLLCkJ-T7-dPP1g3TO','enrolled','3e64a859-3b69-460f-37dc-e8d5ba04865c','c1789cf6-0546-4a3a-7099-23fb59a8c0c6','2018-04-17','2024-04-12 19:27:25','2025-10-06 14:58:27');
INSERT INTO students VALUES('fa712e19-3843-40c3-3235-b82718491735','fbFtVIGm','Zion',NULL,'Raimer','rotund_chalmer@hotmail.fr','female','+23278491523','844 Grettell Street','2019-08-07','https://robohash.org/xwtfLLCkJ-T7-dPP1g3TO','enrolled','a71ea38f-0e35-4bff-0b23-a673abff24d1','ae0c31f6-0263-4584-1482-a7f36fc6c9c8','2022-01-04','2022-10-15 12:29:41','2025-10-06 14:58:27');
INSERT INTO students VALUES('4807c267-5ff5-4645-3150-87663c80f14b','fcjDJRMuR7L24QmI8','Minos',NULL,'Bayles','residual_leeanne@wanadoo.fr','male','+23294814815','930 Thurl Estate','2016-08-01','https://robohash.org/xwtfLLCkJ-T7-dPP1g3TO','enrolled','1b2b6242-410c-4970-2df8-ec32dc62337d','7654844e-e961-499f-c0aa-609b48f7bf9f','2024-10-11','2025-01-18 07:04:43','2025-10-06 14:58:27');
INSERT INTO students VALUES('3bfc8cc0-65a6-449e-bd3c-aa64103c6030','fd8zfaPDtmj6ARpu','Johanna',NULL,'Salser','roguish_andretta@aol.com','female','+23273342720','370 Kennedy Flats','2018-11-09','https://robohash.org/xwtfLLCkJ-T7-dPP1g3TO','enrolled','584022c9-6a39-4eaf-d170-6b2c0fa4edea','77f8ed83-f3fa-4a58-40f9-a60850b9ee16','2025-02-04','2026-01-12 17:40:09','2025-10-06 14:58:27');
INSERT INTO students VALUES('2a5fade7-5e29-4617-3921-b0457a3a482c','fegyYCw','Irlanda',NULL,'Basnett','perceptive_alexius@gmx.de','male','+23201485604','894 Fesmire Rapid','2020-01-21','https://robohash.org/xwtfLLCkJ-T7-dPP1g3TO','enrolled','97df6fcd-7481-496d-fd33-24270930bd49','67f35190-e62b-4f5d-d1b7-3a0fb364f042','2025-02-12','2025-04-04 18:37:30','2025-10-06 14:58:27');
INSERT INTO students VALUES('04b7efce-6299-4556-ae7d-dc111a713d77','ffdL0Fn2ReR9TG','Azita',NULL,'Duree','ravenous_jonique@ymail.com','female','+23275074675','565 Maliah Harbors','2014-10-15','https://robohash.org/xwtfLLCkJ-T7-dPP1g3TO','enrolled','a71ea38f-0e35-4bff-0b23-a673abff24d1','77f8ed83-f3fa-4a58-40f9-a60850b9ee16','2022-12-14','2024-11-26 23:00:24','2025-10-06 14:58:27');
INSERT INTO students VALUES('521f5ce5-82f6-46c5-f096-226f27153ca4','1003wcuDGYEj','Julissa',NULL,'Nevitt','ravenous_eufracia@free.fr','female','+23279247768','361 Berenguer Trafficway','2016-04-25','https://robohash.org/xwtfLLCkJ-T7-dPP1g3TO','enrolled','3e64a859-3b69-460f-37dc-e8d5ba04865c','77f8ed83-f3fa-4a58-40f9-a60850b9ee16','2020-12-07','2023-06-27 18:16:14','2025-10-06 14:58:27');
INSERT INTO students VALUES('ef9ede4e-aa20-4391-fe6c-ef8d20f86278','101wlDKUxLu4CB','Dontrell',NULL,'Mckesson','pensive_doran@hotmail.fr','female','+23294960246','233 Laylanie Center','2021-02-19','https://robohash.org/xwtfLLCkJ-T7-dPP1g3TO','enrolled','97df6fcd-7481-496d-fd33-24270930bd49','2c72c32a-933e-44dc-424f-a2879b0211ec','2021-06-03','2024-02-27 16:57:56','2025-10-06 14:58:27');
INSERT INTO students VALUES('b78c1005-1f22-4c02-a21a-33f61226f15c','102PLvj','Neno',NULL,'Takaki','pitiful_kamily@orange.fr','female','+23272851050','179 Jodee Alley','2019-04-23','https://robohash.org/xwtfLLCkJ-T7-dPP1g3TO','enrolled','1b2b6242-410c-4970-2df8-ec32dc62337d','67f35190-e62b-4f5d-d1b7-3a0fb364f042','2023-05-26','2024-11-18 05:12:12','2025-10-06 14:58:27');
INSERT INTO students VALUES('fe379ef6-a4af-465b-ecad-60902803d953','103cIxmZOkERZgyz','Katerine',NULL,'Strum','ravenous_doni@ymail.com','female','+23294809963','616 Delauder Ferry','2021-10-13','https://robohash.org/xwtfLLCkJ-T7-dPP1g3TO','enrolled','97df6fcd-7481-496d-fd33-24270930bd49','ae0c31f6-0263-4584-1482-a7f36fc6c9c8','2024-02-06','2023-07-25 03:08:09','2025-10-06 14:58:27');
INSERT INTO students VALUES('e3bafc0f-cc19-40bd-b2b4-902d455d24f4','104eGbEK','Zahira',NULL,'Droz','reserved_kaithlyn@web.de','male','+23274878450','574 Malinda Meadow','2019-12-01','https://robohash.org/xwtfLLCkJ-T7-dPP1g3TO','enrolled','a71ea38f-0e35-4bff-0b23-a673abff24d1','67f35190-e62b-4f5d-d1b7-3a0fb364f042','2021-01-24','2024-09-02 14:01:55','2025-10-06 14:58:27');
INSERT INTO students VALUES('b402748b-a678-452c-869d-d526958bc193','105I7t59ggSoOll','Taylah',NULL,'Baise','ravenous_nellene@msn.com','female','+23297177377','274 Bairon Plain','2016-06-03','https://robohash.org/xwtfLLCkJ-T7-dPP1g3TO','enrolled','3e64a859-3b69-460f-37dc-e8d5ba04865c','7654844e-e961-499f-c0aa-609b48f7bf9f','2018-11-09','2026-05-05 06:09:30','2025-10-06 14:58:27');
INSERT INTO students VALUES('15d853b1-499e-43d5-d495-211bc76f2dfe','106EI4rDkI52Jhht','Joelie',NULL,'Hegel','residential_debie@msn.com','female','+23278487214','26 Forbush Stream','2015-02-04','https://robohash.org/xwtfLLCkJ-T7-dPP1g3TO','enrolled','97df6fcd-7481-496d-fd33-24270930bd49','77f8ed83-f3fa-4a58-40f9-a60850b9ee16','2018-05-06','2023-06-01 23:04:16','2025-10-06 14:58:27');
INSERT INTO students VALUES('f5c5a27a-a5c3-4d98-4c26-35863421364a','107qmCy','Malanie',NULL,'Holaway','ravenous_vieva@yahoo.co.uk','female','+23288039622','964 Thielen Tunnel','2016-07-03','https://robohash.org/xwtfLLCkJ-T7-dPP1g3TO','enrolled','1b2b6242-410c-4970-2df8-ec32dc62337d','01659b20-3314-4d08-9f85-8b537fadc04a','2024-02-08','2024-11-29 03:47:40','2025-10-06 14:58:27');
INSERT INTO students VALUES('ff0a853c-2d69-4859-c52d-943725b59109','108sKmOkQC9iBu6','Lennart',NULL,'Dees','ravenous_eufracia@yahoo.com.br','female','+23288052045','248 Herrera Garden','2018-11-02','https://robohash.org/xwtfLLCkJ-T7-dPP1g3TO','enrolled','3e64a859-3b69-460f-37dc-e8d5ba04865c','67f35190-e62b-4f5d-d1b7-3a0fb364f042','2020-01-27','2025-06-09 19:53:22','2025-10-06 14:58:27');
INSERT INTO students VALUES('a886a2e3-58b4-46fe-d652-52085d9b7ca8','10abcQtV6vapDXbm','Dacia',NULL,'Shatley','resentful_elchonon@rediffmail.com','male','+23294816379','582 Ports Oval','2018-04-19','https://robohash.org/xwtfLLCkJ-T7-dPP1g3TO','enrolled','97df6fcd-7481-496d-fd33-24270930bd49','c1789cf6-0546-4a3a-7099-23fb59a8c0c6','2021-02-05','2025-11-16 19:22:02','2025-10-06 14:58:27');
INSERT INTO students VALUES('0ffc0877-9956-4fe3-2585-1ea0501d9e97','10b5xGrMMghQm3Km1','Tamyra',NULL,'Parkin','ravenous_adabella@ymail.com','female','+23294813961','161 Kaufhold Tunnel','2020-11-14','https://robohash.org/xwtfLLCkJ-T7-dPP1g3TO','enrolled','a71ea38f-0e35-4bff-0b23-a673abff24d1','c1789cf6-0546-4a3a-7099-23fb59a8c0c6','2024-06-03','2024-10-15 07:36:37','2025-10-06 14:58:27');
INSERT INTO students VALUES('858bb52f-e9e9-4993-1dea-e371a703acd2','10cYkOsaD','Shakeyla',NULL,'Tenpenny','pathetic_itzayanna@comcast.net','female','+23296934408','349 Teyanna Court','2019-05-28','https://robohash.org/xwtfLLCkJ-T7-dPP1g3TO','enrolled','a71ea38f-0e35-4bff-0b23-a673abff24d1','7654844e-e961-499f-c0aa-609b48f7bf9f','2018-03-31','2024-06-13 19:18:44','2025-10-06 14:58:27');
INSERT INTO students VALUES('2043462d-bcb9-4402-9b99-94a299128398','10e0goOHGcPRQt','Mykel',NULL,'Huyck','ravenous_eufracia@hotmail.fr','male','+23274929705','247 Geralene Stream','2021-09-14','https://robohash.org/xwtfLLCkJ-T7-dPP1g3TO','enrolled','a71ea38f-0e35-4bff-0b23-a673abff24d1','01659b20-3314-4d08-9f85-8b537fadc04a','2021-09-22','2025-09-22 21:08:31','2025-10-06 14:58:27');
INSERT INTO students VALUES('84b0c653-fabe-4856-b4d8-918395c6cc89','10fKxUi3cajhJ','Aziyah',NULL,'Stanbrough','resonant_adysen@hotmail.com','female','+23215533724','688 Sohl Mall','2021-07-12','https://robohash.org/xwtfLLCkJ-T7-dPP1g3TO','enrolled','a71ea38f-0e35-4bff-0b23-a673abff24d1','3599c6cc-900e-4185-1586-a9d7dddc6c08','2020-03-20','2025-05-17 03:44:51','2025-10-06 14:58:27');
INSERT INTO students VALUES('ce753ba4-16e7-41bd-6358-521925b2c33f','1108enTkWBJW','Jalaine',NULL,'Legan','rippling_catalino@gmx.de','male','+23278491728','587 Dekota Crossing','2017-10-15','https://robohash.org/xwtfLLCkJ-T7-dPP1g3TO','enrolled','584022c9-6a39-4eaf-d170-6b2c0fa4edea','3599c6cc-900e-4185-1586-a9d7dddc6c08','2022-08-23','2023-10-18 09:00:17','2025-10-06 14:58:27');
INSERT INTO students VALUES('c050c992-e20d-4aba-4355-e8b92b969883','111XapkeuXKES','Cristoval',NULL,'Wilk','penetrating_yuka@yahoo.co.uk','male','+23294809962','597 Yanuel Forge','2019-09-08','https://robohash.org/xwtfLLCkJ-T7-dPP1g3TO','enrolled','97df6fcd-7481-496d-fd33-24270930bd49','af8a58f2-ca84-4337-db97-77df4478fa0c','2024-05-01','2023-06-21 15:51:22','2025-10-06 14:58:27');
INSERT INTO students VALUES('7265bdbe-c52d-422b-19be-d1d846f93382','112Zrmxy26h','Rema',NULL,'Sokolov','puckish_decarlo@hotmail.co.uk','male','+23231634622','217 Santana Flats','2018-02-06','https://robohash.org/xwtfLLCkJ-T7-dPP1g3TO','enrolled','a71ea38f-0e35-4bff-0b23-a673abff24d1','c1789cf6-0546-4a3a-7099-23fb59a8c0c6','2024-10-11','2024-08-05 11:38:13','2025-10-06 14:58:27');
INSERT INTO students VALUES('e6fa7a49-6b5c-447c-c587-36c1b2e8570c','113sUhYeTPxYu','Yaffa',NULL,'Riess','vicious_lyrik@rediffmail.com','female','+23294357931','89 Yow Manor','2022-05-30','https://robohash.org/xwtfLLCkJ-T7-dPP1g3TO','enrolled','584022c9-6a39-4eaf-d170-6b2c0fa4edea','7654844e-e961-499f-c0aa-609b48f7bf9f','2019-10-20','2024-07-24 17:47:22','2025-10-06 14:58:27');
INSERT INTO students VALUES('a0a10d0e-6527-4156-ef17-3ffd9d5eb921','114tVW6Vj','Cayley',NULL,'Congdon','residual_naomie@hotmail.com','male','+23200920676','221 Hanline Row','2019-10-16','https://robohash.org/xwtfLLCkJ-T7-dPP1g3TO','enrolled','584022c9-6a39-4eaf-d170-6b2c0fa4edea','7654844e-e961-499f-c0aa-609b48f7bf9f','2024-01-15','2022-07-18 18:45:07','2025-10-06 14:58:27');
INSERT INTO students VALUES('d50f3700-ae1d-45de-635b-14412d370e4d','115z6iukuBSX','Brandie',NULL,'Brennan','ravenous_sherre@hotmail.co.uk','male','+23278491514','343 Renata Street','2018-03-23','https://robohash.org/xwtfLLCkJ-T7-dPP1g3TO','enrolled','584022c9-6a39-4eaf-d170-6b2c0fa4edea','7654844e-e961-499f-c0aa-609b48f7bf9f','2017-10-29','2025-09-11 22:46:47','2025-10-06 14:58:27');
INSERT INTO students VALUES('c82953c5-8b41-434f-7a72-05615bcfb36e','116a36OVguk8g7EA','Josilyn',NULL,'Gierke','reserved_anapatricia@web.de','female','+23294960971','62 Asencio Wall','2021-11-24','https://robohash.org/xwtfLLCkJ-T7-dPP1g3TO','enrolled','a71ea38f-0e35-4bff-0b23-a673abff24d1','67f35190-e62b-4f5d-d1b7-3a0fb364f042','2024-04-15','2022-10-17 13:10:10','2025-10-06 14:58:27');
INSERT INTO students VALUES('942508ef-8f6e-4209-ea5f-c4256c3f500b','117S2yepaUVqF0Wq','Genene',NULL,'Garramone','rippling_jarmaine@live.com','male','+23279322600','521 Maryela Cliff','2015-11-01','https://robohash.org/xwtfLLCkJ-T7-dPP1g3TO','enrolled','1b2b6242-410c-4970-2df8-ec32dc62337d','3599c6cc-900e-4185-1586-a9d7dddc6c08','2022-01-01','2024-07-03 12:37:01','2025-10-06 14:58:27');
INSERT INTO students VALUES('c455aa6d-2ae1-49a0-3f4a-25b13076ec51','118ZUdM9','Elizebeth',NULL,'Thweatt','ravenous_juanelle@web.de','male','+23201078052','258 Sharps Harbor','2020-03-06','https://robohash.org/xwtfLLCkJ-T7-dPP1g3TO','enrolled','1b2b6242-410c-4970-2df8-ec32dc62337d','77f8ed83-f3fa-4a58-40f9-a60850b9ee16','2020-06-14','2025-06-18 14:00:15','2025-10-06 14:58:27');
INSERT INTO students VALUES('3a08cb2d-797e-4e9f-a221-184244fd741d','119WBwbx3','Nieves',NULL,'Boggs','rippling_serina@outlook.com','male','+23294372923','612 Paley Gardens','2020-07-31','https://robohash.org/xwtfLLCkJ-T7-dPP1g3TO','enrolled','a71ea38f-0e35-4bff-0b23-a673abff24d1','77f8ed83-f3fa-4a58-40f9-a60850b9ee16','2025-08-23','2026-02-09 00:22:39','2025-10-06 14:58:27');
INSERT INTO students VALUES('9ae815e4-2db8-4301-4784-206795c59e29','11aYgJ87NdF8p','Advik',NULL,'Laurich','ravenous_eufracia@live.com','male','+23220204600','320 Cashen Centers','2020-03-23','https://robohash.org/xwtfLLCkJ-T7-dPP1g3TO','enrolled','1b2b6242-410c-4970-2df8-ec32dc62337d','2c72c32a-933e-44dc-424f-a2879b0211ec','2019-10-30','2024-09-15 05:29:45','2025-10-06 14:58:27');
INSERT INTO students VALUES('5048ba37-c0b0-474e-8c69-f11dc17323b9','11caOJYNAB','Lilly',NULL,'Hack','perceptual_isa@hotmail.com','female','+23278621040','206 Jud Street','2022-05-12','https://robohash.org/xwtfLLCkJ-T7-dPP1g3TO','enrolled','a71ea38f-0e35-4bff-0b23-a673abff24d1','c1789cf6-0546-4a3a-7099-23fb59a8c0c6','2020-07-10','2025-05-17 14:27:32','2025-10-06 14:58:27');
INSERT INTO students VALUES('7ebb91eb-bd6b-4c08-f751-1f9eba26b79c','11dhbjv','Treena',NULL,'Gangloff','ravenous_benigna@gmx.de','male','+23278491516','15 Sales Field','2016-03-16','https://robohash.org/xwtfLLCkJ-T7-dPP1g3TO','enrolled','a71ea38f-0e35-4bff-0b23-a673abff24d1','af8a58f2-ca84-4337-db97-77df4478fa0c','2024-12-27','2023-09-16 09:46:15','2025-10-06 14:58:27');
INSERT INTO students VALUES('a124bda9-e70a-4f6c-e9b5-d812e8f74073','11fwYrvXFB3O','Kaja',NULL,'Merryfield','ravenous_velina@hotmail.com','male','+23296358404','187 Angelone Forest','2018-07-25','https://robohash.org/xwtfLLCkJ-T7-dPP1g3TO','enrolled','97df6fcd-7481-496d-fd33-24270930bd49','af8a58f2-ca84-4337-db97-77df4478fa0c','2018-11-23','2025-09-30 18:36:06','2025-10-06 14:58:27');
INSERT INTO students VALUES('33633c7a-7342-4069-89f7-ddc80b8a10ad','120cy2N0','Lanorris',NULL,'Blunk','salacious_nuchem@yahoo.com','female','+23210998652','443 Vreeland Islands','2022-09-02','https://robohash.org/xwtfLLCkJ-T7-dPP1g3TO','enrolled','3e64a859-3b69-460f-37dc-e8d5ba04865c','67f35190-e62b-4f5d-d1b7-3a0fb364f042','2017-11-10','2023-10-11 19:28:08','2025-10-06 14:58:27');
INSERT INTO students VALUES('451966ee-016c-4d0d-7691-c25fba20af45','121wAdMdof8uWj','Marleen',NULL,'Rupnow','ravenous_lany@yahoo.com.br','female','+23200921132','755 Ehrsam Pines','2019-07-25','https://robohash.org/xwtfLLCkJ-T7-dPP1g3TO','enrolled','a71ea38f-0e35-4bff-0b23-a673abff24d1','01659b20-3314-4d08-9f85-8b537fadc04a','2019-01-03','2024-04-16 18:13:19','2025-10-06 14:58:27');
INSERT INTO students VALUES('c3bac564-d408-4e51-10d2-f418a82b8487','122a2kqaf2UCl9','Erryn',NULL,'Woodward','perceivable_abdiqani@aol.com','female','+23274410048','10 Leshawn Crossing','2015-04-02','https://robohash.org/xwtfLLCkJ-T7-dPP1g3TO','enrolled','3e64a859-3b69-460f-37dc-e8d5ba04865c','67f35190-e62b-4f5d-d1b7-3a0fb364f042','2018-04-10','2024-06-09 12:01:28','2025-10-06 14:58:27');
INSERT INTO students VALUES('69b970fb-a166-43b5-aab0-7dec393a15ce','123C9K5weKB7rI4HN','Feloniz',NULL,'Giboney','ravenous_antoria@web.de','male','+23231220201','760 Press Village','2017-09-07','https://robohash.org/xwtfLLCkJ-T7-dPP1g3TO','enrolled','3e64a859-3b69-460f-37dc-e8d5ba04865c','2c72c32a-933e-44dc-424f-a2879b0211ec','2021-06-19','2023-01-05 17:26:49','2025-10-06 14:58:27');
INSERT INTO students VALUES('9e7fa205-e1de-48ad-ab43-dcd3262f3bd4','124wBj4nAy','Taheem',NULL,'Noack','pathetic_sharai@yahoo.co.uk','male','+23278491512','284 Norene Ports','2014-11-09','https://robohash.org/xwtfLLCkJ-T7-dPP1g3TO','enrolled','97df6fcd-7481-496d-fd33-24270930bd49','3599c6cc-900e-4185-1586-a9d7dddc6c08','2021-08-31','2024-08-25 13:19:31','2025-10-06 14:58:27');
INSERT INTO students VALUES('79c49107-7c51-4155-8979-976ab4ac7055','126uJJQsoJrdk','Tray',NULL,'Blaha','residential_natosha@hotmail.co.uk','male','+23294364549','849 Villavicencio Dale','2020-08-07','https://robohash.org/xwtfLLCkJ-T7-dPP1g3TO','enrolled','a71ea38f-0e35-4bff-0b23-a673abff24d1','af8a58f2-ca84-4337-db97-77df4478fa0c','2020-08-16','2023-01-21 20:02:04','2025-10-06 14:58:27');
INSERT INTO students VALUES('a77a3814-5db5-4885-e520-d84d8d89b98d','127du6jE','Akia',NULL,'Wordlaw','perceptual_jase@libero.it','male','+23274445551','920 Noller Neck','2021-09-18','https://robohash.org/xwtfLLCkJ-T7-dPP1g3TO','enrolled','3e64a859-3b69-460f-37dc-e8d5ba04865c','af8a58f2-ca84-4337-db97-77df4478fa0c','2020-10-16','2026-03-21 01:47:13','2025-10-06 14:58:27');
INSERT INTO students VALUES('44208d0b-14ca-490f-df0b-5267d3cffd06','128KMhnA6bzI4','Karol',NULL,'Nicolay','pathetic_tamarra@ymail.com','female','+23237182867','779 Rahwa Estates','2016-08-19','https://robohash.org/xwtfLLCkJ-T7-dPP1g3TO','enrolled','3e64a859-3b69-460f-37dc-e8d5ba04865c','67f35190-e62b-4f5d-d1b7-3a0fb364f042','2023-08-15','2024-06-23 03:44:10','2025-10-06 14:58:27');
INSERT INTO students VALUES('bdc0945c-d4db-42ad-040d-5d1b93b7fc10','129HGWmAuWdkMYi','Amanda',NULL,'Mccurdy','physical_schyler@gmail.com','male','+23278743041','785 Soukup Locks','2018-09-12','https://robohash.org/xwtfLLCkJ-T7-dPP1g3TO','enrolled','3e64a859-3b69-460f-37dc-e8d5ba04865c','01659b20-3314-4d08-9f85-8b537fadc04a','2021-07-09','2022-11-11 10:13:29','2025-10-06 14:58:27');
INSERT INTO students VALUES('7d7fe156-f018-4391-3af8-b5a45e9f3ca2','12as7KOipWOK7pKQF','Jayleigh',NULL,'Sutphen','perceptive_stasha@yahoo.co.in','female','+23242983081','135 Jamyiah Shoals','2021-10-07','https://robohash.org/xwtfLLCkJ-T7-dPP1g3TO','enrolled','97df6fcd-7481-496d-fd33-24270930bd49','c1789cf6-0546-4a3a-7099-23fb59a8c0c6','2022-09-16','2025-11-08 17:21:34','2025-10-06 14:58:27');
INSERT INTO students VALUES('88cc0b55-914a-4235-eafd-4e6ed8cbe793','12bOE9vK0113S8','Takeya',NULL,'Ates','robust_meg@hotmail.co.uk','male','+23278491717','632 Ochoa Square','2016-07-29','https://robohash.org/xwtfLLCkJ-T7-dPP1g3TO','enrolled','3e64a859-3b69-460f-37dc-e8d5ba04865c','77f8ed83-f3fa-4a58-40f9-a60850b9ee16','2023-05-25','2023-03-24 16:05:38','2025-10-06 14:58:27');
INSERT INTO students VALUES('mdJYprJqcTw2FDcE1bxkR','883','Willa','Kylie Hyde','Beard','pojypoge@mailinator.com','male','+1 (942) 166-7814','Enim nesciunt dicta',NULL,NULL,'enrolled','3e64a859-3b69-460f-37dc-e8d5ba04865c',NULL,'1973-09-11','2025-10-06 17:02:40','2025-10-06 17:02:40');
CREATE TABLE `subjects` (
	`id` text PRIMARY KEY NOT NULL,
	`name` text NOT NULL,
	`code` text,
	`school_id` text,
	`created_at` text DEFAULT CURRENT_TIMESTAMP NOT NULL,
	`updated_at` text,
	FOREIGN KEY (`school_id`) REFERENCES `schools`(`id`) ON UPDATE no action ON DELETE cascade
);
INSERT INTO subjects VALUES('65bcf3c5-181e-41de-d179-7c1e32e87147','Physics','0LcUYBce1bRC','a71ea38f-0e35-4bff-0b23-a673abff24d1','2023-10-06 09:48:56','2025-10-06 14:58:27');
INSERT INTO subjects VALUES('9b981ed7-e8a7-4f61-29b6-842255ca4ba2','Biology','1NrpAkPx','1b2b6242-410c-4970-2df8-ec32dc62337d','2023-08-19 12:09:00','2025-10-06 14:58:27');
INSERT INTO subjects VALUES('c8487d5d-9355-4073-f302-58593dccd0b7','Business Studies','2F26ai10NEsLn','1b2b6242-410c-4970-2df8-ec32dc62337d','2022-08-22 23:55:13','2025-10-06 14:58:27');
INSERT INTO subjects VALUES('c6f87547-b435-4213-f9ca-66ac77660393','Science','3KGdukyLgYO','3e64a859-3b69-460f-37dc-e8d5ba04865c','2025-05-18 18:53:41','2025-10-06 14:58:27');
INSERT INTO subjects VALUES('e5157499-9475-4619-13fc-35d1689a3641','Economics','4ZOk6IAlSjZFRS1X','97df6fcd-7481-496d-fd33-24270930bd49','2023-05-19 14:46:29','2025-10-06 14:58:27');
INSERT INTO subjects VALUES('c406f723-97e5-4102-3cee-4154a2ea2233','English','5Att0oxOxP','1b2b6242-410c-4970-2df8-ec32dc62337d','2025-11-03 04:01:13','2025-10-06 14:58:27');
INSERT INTO subjects VALUES('39d4bdb2-73ec-4151-c316-635d47da3661','History','6DSSsx1v1EFpwr','3e64a859-3b69-460f-37dc-e8d5ba04865c','2023-02-10 21:48:50','2025-10-06 14:58:27');
INSERT INTO subjects VALUES('da05a3c5-a972-4e26-f6dd-f985a9b64c41','Geography','7qVbVZNTNxbUxFZ2klO','a71ea38f-0e35-4bff-0b23-a673abff24d1','2024-03-01 18:06:07','2025-10-06 14:58:27');
INSERT INTO subjects VALUES('14b098da-7058-4695-20d9-cad12e30d911','Agriculture','8Zb11j9X','584022c9-6a39-4eaf-d170-6b2c0fa4edea','2025-08-12 20:50:22','2025-10-06 14:58:27');
INSERT INTO subjects VALUES('74da74dc-35ac-4b7d-1a58-d4dc99f9ab4d','History','9u6FekyUwWYUVgjasG','3e64a859-3b69-460f-37dc-e8d5ba04865c','2022-05-21 04:53:53','2025-10-06 14:58:27');
CREATE TABLE `subscriptions` (
	`id` text PRIMARY KEY NOT NULL,
	`school_id` text NOT NULL,
	`plan_id` text NOT NULL,
	`start_date` text DEFAULT CURRENT_TIMESTAMP NOT NULL,
	`end_date` text,
	`status` text DEFAULT 'active' NOT NULL,
	`created_at` text DEFAULT CURRENT_TIMESTAMP NOT NULL,
	`updated_at` text,
	FOREIGN KEY (`school_id`) REFERENCES `schools`(`id`) ON UPDATE no action ON DELETE cascade,
	FOREIGN KEY (`plan_id`) REFERENCES `plans`(`id`) ON UPDATE no action ON DELETE cascade
);
INSERT INTO subscriptions VALUES('566aa78f-bfc0-4b5b-38c7-1f9e5f1a37bf','3e64a859-3b69-460f-37dc-e8d5ba04865c','3b9b4b31-f2e3-4f45-b548-a49e5b12b27d','2025-06-18 09:55:08','2025-11-06T14:58:26.677Z','active','2023-07-11 20:42:19','2025-10-06 14:58:27');
INSERT INTO subscriptions VALUES('0ed559a4-c8e7-4d44-61e7-2012b40558a7','1b2b6242-410c-4970-2df8-ec32dc62337d','93eaa9e2-30a8-45a6-6dc8-1ef8c4fc8a6b','2025-07-16 15:09:51','2025-11-06T14:58:26.677Z','inactive','2024-02-01 21:26:27','2025-10-06 14:58:27');
INSERT INTO subscriptions VALUES('8589375d-d41e-4a45-38eb-f5a098daf9b6','584022c9-6a39-4eaf-d170-6b2c0fa4edea','026c2a77-675c-4b38-5b79-a582a5cebb02','2024-10-05 09:31:19','2025-11-06T14:58:26.677Z','inactive','2022-10-06 18:21:02','2025-10-06 14:58:27');
INSERT INTO subscriptions VALUES('76ff655c-4336-4218-46e6-373dc9322f72','584022c9-6a39-4eaf-d170-6b2c0fa4edea','026c2a77-675c-4b38-5b79-a582a5cebb02','2024-11-03 00:21:47','2025-11-06T14:58:26.677Z','active','2026-03-14 21:18:05','2025-10-06 14:58:27');
INSERT INTO subscriptions VALUES('fa608480-df36-4772-1ef0-8aaca5b15dac','a71ea38f-0e35-4bff-0b23-a673abff24d1','3b9b4b31-f2e3-4f45-b548-a49e5b12b27d','2024-02-13 03:07:56','2025-11-06T14:58:26.677Z','active','2024-04-22 14:47:29','2025-10-06 14:58:27');
INSERT INTO subscriptions VALUES('837064ef-f678-4b76-16f6-7f83daa8016d','584022c9-6a39-4eaf-d170-6b2c0fa4edea','3b9b4b31-f2e3-4f45-b548-a49e5b12b27d','2023-10-10 19:14:37','2025-11-06T14:58:26.677Z','active','2024-04-17 23:28:54','2025-10-06 14:58:27');
INSERT INTO subscriptions VALUES('d616b1fc-6778-40ae-a07a-5d00e0ef7e79','97df6fcd-7481-496d-fd33-24270930bd49','93eaa9e2-30a8-45a6-6dc8-1ef8c4fc8a6b','2024-09-19 17:37:52','2025-11-06T14:58:26.677Z','active','2024-11-27 06:39:36','2025-10-06 14:58:27');
INSERT INTO subscriptions VALUES('d0d67917-cd39-44b9-7a3f-db761d678b49','a71ea38f-0e35-4bff-0b23-a673abff24d1','93eaa9e2-30a8-45a6-6dc8-1ef8c4fc8a6b','2024-05-29 09:28:41','2025-11-06T14:58:26.677Z','active','2026-01-01 00:45:44','2025-10-06 14:58:27');
INSERT INTO subscriptions VALUES('822be3b8-551f-4261-bcd1-8387fdc03ff7','584022c9-6a39-4eaf-d170-6b2c0fa4edea','3b9b4b31-f2e3-4f45-b548-a49e5b12b27d','2022-08-21 09:11:36','2025-11-06T14:58:26.677Z','active','2026-03-20 10:45:47','2025-10-06 14:58:27');
INSERT INTO subscriptions VALUES('d14dbf11-a12b-41bb-3409-ba013dcdd041','584022c9-6a39-4eaf-d170-6b2c0fa4edea','93eaa9e2-30a8-45a6-6dc8-1ef8c4fc8a6b','2023-08-29 23:50:31','2025-11-06T14:58:26.677Z','inactive','2025-01-15 07:59:15','2025-10-06 14:58:27');
CREATE TABLE IF NOT EXISTS "assignments" (
	`id` text PRIMARY KEY NOT NULL,
	`title` text NOT NULL,
	`description` text,
	`due_date` text NOT NULL,
	`file_name` text NOT NULL,
	`class_id` text,
	`school_id` text,
	`created_at` text DEFAULT CURRENT_TIMESTAMP NOT NULL,
	`updated_at` text,
	FOREIGN KEY (`class_id`) REFERENCES `classes`(`id`) ON UPDATE no action ON DELETE cascade,
	FOREIGN KEY (`school_id`) REFERENCES `schools`(`id`) ON UPDATE no action ON DELETE cascade
);
CREATE TABLE IF NOT EXISTS "classes" (
	`id` text PRIMARY KEY NOT NULL,
	`name` text NOT NULL,
	`school_id` text,
	`created_at` text DEFAULT CURRENT_TIMESTAMP NOT NULL,
	`updated_at` text,
	FOREIGN KEY (`school_id`) REFERENCES `schools`(`id`) ON UPDATE no action ON DELETE cascade
);
INSERT INTO classes VALUES('77f8ed83-f3fa-4a58-40f9-a60850b9ee16','JSS 3','584022c9-6a39-4eaf-d170-6b2c0fa4edea','2025-03-23 09:29:44','2025-10-06 14:58:27');
INSERT INTO classes VALUES('c1789cf6-0546-4a3a-7099-23fb59a8c0c6','Class 6','97df6fcd-7481-496d-fd33-24270930bd49','2023-02-01 22:45:01','2025-10-06 14:58:27');
INSERT INTO classes VALUES('7654844e-e961-499f-c0aa-609b48f7bf9f','Class 3','3e64a859-3b69-460f-37dc-e8d5ba04865c','2026-02-28 09:14:09','2025-10-06 14:58:27');
INSERT INTO classes VALUES('2c72c32a-933e-44dc-424f-a2879b0211ec','Class 4','3e64a859-3b69-460f-37dc-e8d5ba04865c','2023-09-23 03:30:21','2025-10-06 14:58:27');
INSERT INTO classes VALUES('af8a58f2-ca84-4337-db97-77df4478fa0c','JSS 3','a71ea38f-0e35-4bff-0b23-a673abff24d1','2025-09-29 03:55:35','2025-10-06 14:58:27');
INSERT INTO classes VALUES('01659b20-3314-4d08-9f85-8b537fadc04a','Class 6','3e64a859-3b69-460f-37dc-e8d5ba04865c','2023-04-24 18:07:53','2025-10-06 14:58:27');
INSERT INTO classes VALUES('67f35190-e62b-4f5d-d1b7-3a0fb364f042','Class 5','97df6fcd-7481-496d-fd33-24270930bd49','2024-08-21 04:41:31','2025-10-06 14:58:27');
INSERT INTO classes VALUES('3599c6cc-900e-4185-1586-a9d7dddc6c08','Class 5','3e64a859-3b69-460f-37dc-e8d5ba04865c','2023-08-28 05:43:46','2025-10-06 14:58:27');
INSERT INTO classes VALUES('ae0c31f6-0263-4584-1482-a7f36fc6c9c8','Class 4','a71ea38f-0e35-4bff-0b23-a673abff24d1','2024-05-11 20:19:54','2025-10-06 14:58:27');
INSERT INTO classes VALUES('p3gjqsPVOI9188ElVi1Ts','JSS 1','3e64a859-3b69-460f-37dc-e8d5ba04865c','2025-10-07 05:25:56','2025-10-07 05:25:56');
CREATE TABLE IF NOT EXISTS "plans" (
	`id` text PRIMARY KEY NOT NULL,
	`name` text NOT NULL,
	`description` text,
	`duration_days` integer DEFAULT 30 NOT NULL,
	`price` integer DEFAULT 0 NOT NULL,
	`created_at` text DEFAULT CURRENT_TIMESTAMP NOT NULL,
	`updated_at` text
);
INSERT INTO plans VALUES('93eaa9e2-30a8-45a6-6dc8-1ef8c4fc8a6b','free','Morbi dapibus et sapien in elementum. ',30,95.4500000000000028,'2023-02-27 00:08:29','2025-10-06 14:58:27');
INSERT INTO plans VALUES('3b9b4b31-f2e3-4f45-b548-a49e5b12b27d','basic','Aenean sed lacus ac arcu blandit placerat. ',30,270.9399999999999978,'2025-03-24 12:07:54','2025-10-06 14:58:27');
INSERT INTO plans VALUES('026c2a77-675c-4b38-5b79-a582a5cebb02','pro','Maecenas molestie lorem eget quam porta, a venenatis felis accumsan. ',30,297.410000000000025,'2024-03-13 21:25:34','2025-10-06 14:58:27');
CREATE UNIQUE INDEX `schools_license_unique` ON `schools` (`license`);
CREATE UNIQUE INDEX `schools_contact_unique` ON `schools` (`contact`);
CREATE UNIQUE INDEX `schools_email_unique` ON `schools` (`email`);
CREATE UNIQUE INDEX `schools_website_unique` ON `schools` (`website`);
CREATE UNIQUE INDEX `staff_staff_id_unique` ON `staff` (`staff_id`);
CREATE UNIQUE INDEX `students_admission_number_unique` ON `students` (`admission_number`);
CREATE UNIQUE INDEX `plans_name_unique` ON `plans` (`name`);
COMMIT;
